date,retail_co,retail_den,retail_den_allgrades,retail_us,gulf_spot,wti,brent,padd4_stocks
2000-06-05,1.517,1.489,1.534,1.563,0.934,29.98,29.64,6779
2000-06-12,1.557,1.529,1.576,1.631,0.92,29.79,28.67,6604
2000-06-19,1.633,1.603,1.65,1.681,0.985,32.45,29.81,6424
2000-06-26,1.668,1.641,1.686,1.658,0.988,33.55,29.78,6116
2000-07-03,1.656,1.634,1.679,1.625,0.968,32.12,31.03,6310
2000-07-10,1.645,1.625,1.669,1.593,0.88,30.4,30.9,5987
2000-07-17,1.626,1.611,1.656,1.546,0.869,30.44,30.53,6256
2000-07-24,1.603,1.591,1.637,1.52,0.852,30.65,27.95,6285
2000-07-31,1.581,1.563,1.61,1.471,0.748,28.02,26.02,6184
2000-08-07,1.554,1.531,1.578,1.462,0.781,28.5,26.48,6299
2000-08-14,1.525,1.499,1.548,1.447,0.781,30.14,28.34,6201
2000-08-21,1.52,1.481,1.529,1.468,0.865,31.82,30.07,5839
2000-08-28,1.515,1.477,1.523,1.481,0.876,32.46,31.77,5808
2000-09-04,1.511,1.47,1.516,1.53,0.901,33.08,34.32,6059
2000-09-11,1.582,1.568,1.613,1.561,0.974,34.42,36.43,5650
2000-09-18,1.595,1.572,1.616,1.562,0.922,34.7,33.26,5658
2000-09-25,1.586,1.561,1.603,1.548,0.912,35.49,33.09,5744
2000-10-02,1.568,1.538,1.581,1.524,0.859,31.13,29.41,5718
2000-10-09,1.556,1.519,1.562,1.502,0.814,31.27,29.83,5810
2000-10-16,1.553,1.506,1.551,1.539,0.897,33.9,31.83,5594
2000-10-23,1.576,1.528,1.572,1.551,0.894,33.48,30.97,5833
2000-10-30,1.593,1.553,1.598,1.545,0.909,33.92,31.35,5852
2000-11-06,1.578,1.548,1.593,1.526,0.884,32.78,30.9,5813
2000-11-13,1.555,1.541,1.587,1.523,0.884,33.46,31.59,6068
2000-11-20,1.55,1.533,1.578,1.51,0.86,35,33.32,6171
2000-11-27,1.541,1.528,1.573,1.51,0.892,35.91,33.46,6311
2000-12-04,1.534,1.514,1.56,1.486,0.81,34.1,32.53,6329
2000-12-11,1.499,1.507,1.553,1.449,0.709,29.69,28.28,6458
2000-12-18,1.466,1.492,1.538,1.422,0.707,29.05,25.94,6314
2000-12-25,1.437,1.474,1.521,1.414,0.715,27.38,23.48,6445
2001-01-01,1.424,1.442,1.488,1.406,0.744,26.52,22.48,6432
2001-01-08,1.413,1.418,1.466,1.425,0.841,27.8,24.05,6603
2001-01-15,1.431,1.422,1.469,1.474,0.91,28.81,25.02,6695
2001-01-22,1.45,1.428,1.474,1.471,0.866,30.63,25.37,6950
2001-01-29,1.457,1.438,1.486,1.46,0.857,31.35,27.15,7288
2001-02-05,1.475,1.468,1.517,1.443,0.851,29.59,27.19,7288
2001-02-12,1.473,1.466,1.514,1.476,0.9,30.92,29.62,7175
2001-02-19,1.468,1.455,1.504,1.449,0.83,29.67,27.63,7076
2001-02-26,1.459,1.444,1.494,1.431,0.83,28.65,26.29,7045
2001-03-05,1.44,1.424,1.47,1.417,0.715,27.91,25.26,7368
2001-03-12,1.427,1.413,1.46,1.412,0.75,28.45,25.93,6824
2001-03-19,1.42,1.412,1.456,1.404,0.747,27.02,24.33,7061
2001-03-26,1.43,1.412,1.456,1.404,0.771,26.42,23.48,6755
2001-04-02,1.487,1.505,1.551,1.442,0.834,26.86,24.04,6490
2001-04-09,1.506,1.508,1.551,1.5,0.914,26.76,24,6140
2001-04-16,1.538,1.509,1.554,1.571,1.018,28.27,26,6045
2001-04-23,1.614,1.635,1.684,1.619,0.992,27.89,26.27,5758
2001-04-30,1.639,1.627,1.676,1.626,1.056,26.99,26.05,5888
2001-05-07,1.734,1.73,1.781,1.703,1.017,28.36,27.28,5497
2001-05-14,1.746,1.739,1.788,1.713,0.95,28.12,27.77,5580
2001-05-21,1.738,1.727,1.776,1.687,0.889,29.08,28.34,5543
2001-05-28,1.757,1.729,1.78,1.704,0.913,28.92,29.31,5731
2001-06-04,1.771,1.761,1.81,1.679,0.848,28.44,28.86,5762
2001-06-11,1.739,1.741,1.789,1.647,0.848,27.98,28.87,5932
2001-06-18,1.711,1.721,1.769,1.601,0.773,28.9,28.87,6146
2001-06-25,1.658,1.682,1.731,1.538,0.701,27.09,26.82,6327
2001-07-02,1.607,1.63,1.677,1.474,0.643,26.37,26.63,6654
2001-07-09,1.553,1.577,1.627,1.437,0.627,26.87,25.9,6312
2001-07-16,1.5,1.52,1.568,1.413,0.658,27.07,24.47,6293
2001-07-23,1.438,1.449,1.497,1.395,0.694,25.26,23.47,6150
2001-07-30,1.383,1.38,1.428,1.384,0.697,26.5,24.69,6269
2001-08-06,1.346,1.348,1.395,1.376,0.709,27.1,24.83,6345
2001-08-13,1.339,1.328,1.375,1.392,0.756,27.87,25.6,5970
2001-08-20,1.446,1.445,1.491,1.427,0.765,27.52,25.41,5909
2001-08-27,1.583,1.577,1.628,1.488,0.786,27.25,25.48,5383
2001-09-03,1.658,1.636,1.683,1.545,0.852,26.84,26.57,5701
2001-09-10,1.63,1.616,1.664,1.527,0.844,27.38,26.64,5612
2001-09-17,1.619,1.602,1.65,1.529,0.833,28.22,28.47,5671
2001-09-24,1.589,1.58,1.629,1.485,0.722,27.09,26.41,5793
2001-10-01,1.534,1.537,1.584,1.416,0.722,22.35,20.95,6036
2001-10-08,1.482,1.485,1.534,1.352,0.602,22.6,21.11,6202
2001-10-15,1.431,1.444,1.492,1.309,0.575,22.66,20.91,6255
2001-10-22,1.357,1.37,1.416,1.265,0.544,21.92,19.88,6654
2001-10-29,1.299,1.315,1.362,1.235,0.546,21.78,20.46,6765
2001-11-05,1.232,1.246,1.293,1.206,0.521,21.17,19.72,6464
2001-11-12,1.185,1.191,1.239,1.182,0.536,20.7,19.31,6874
2001-11-19,1.15,1.152,1.197,1.167,0.494,19.61,18.42,6839
2001-11-26,1.118,1.119,1.166,1.127,0.476,18.28,18.57,6825
2001-12-03,1.073,1.074,1.121,1.108,0.486,19.13,18.8,7554
2001-12-10,1.056,1.04,1.088,1.095,0.488,19.47,18.99,7573
2001-12-17,1.037,1.016,1.064,1.059,0.467,18.45,18.02,7371
2001-12-24,1.061,1.045,1.092,1.072,0.467,19.2,18.74,7555
2001-12-31,1.069,1.049,1.096,1.096,,20.94,19.1,7716
2002-01-07,1.069,1.042,1.088,1.112,0.576,20.8,20.29,7738
2002-01-14,1.125,1.105,1.154,1.111,0.554,20.54,20.42,8061
2002-01-21,1.121,1.107,1.153,1.105,0.508,18.61,20.42,8294
2002-01-28,1.11,1.091,1.137,1.101,0.508,19.21,18.77,7983
2002-02-04,1.104,1.078,1.125,1.116,,19.21,19.3,8059
2002-02-11,1.097,1.069,1.116,1.107,0.527,19.97,19.91,8089
2002-02-18,1.096,1.064,1.11,1.116,0.543,21.18,20.99,8319
2002-02-25,1.147,1.139,1.187,1.116,0.532,20.7,20.02,8278
2002-03-04,1.143,1.135,1.183,1.144,0.564,21.43,20.6,8394
2002-03-11,1.179,1.153,1.201,1.223,0.663,23.31,22.27,8154
2002-03-18,1.249,1.228,1.276,1.288,0.716,24.4,23.42,7573
2002-03-25,1.347,1.348,1.396,1.342,0.747,25.25,24.43,7760
2002-04-01,1.359,1.347,1.395,1.371,0.76,25.86,25.03,8023
2002-04-08,1.369,1.355,1.402,1.413,0.802,26.99,26.42,7606
2002-04-15,1.377,1.356,1.403,1.404,0.77,25.24,24.89,7735
2002-04-22,1.378,1.353,1.4,1.404,0.77,25.54,24.89,7428
2002-04-29,1.401,1.381,1.43,1.393,0.75,26.46,26.24,7021
2002-05-06,1.397,1.378,1.425,1.395,0.755,26.88,26.41,6902
2002-05-13,1.384,1.365,1.411,1.388,0.724,27.27,26.15,6947
2002-05-20,1.377,1.358,1.405,1.397,0.751,28.43,26.35,7005
2002-05-27,1.372,1.354,1.401,1.387,0.759,27.18,24.61,6578
2002-06-03,1.369,1.351,1.398,1.392,0.72,25.22,24,6550
2002-06-10,1.357,1.34,1.388,1.375,0.716,25.01,22.99,6964
2002-06-17,1.347,1.33,1.377,1.378,0.72,24.94,23.2,6533
2002-06-24,1.343,1.323,1.371,1.384,0.748,25.61,24.55,6985
2002-07-01,1.385,1.381,1.431,1.392,0.762,26.52,25.16,6999
2002-07-08,1.398,1.384,1.433,1.382,0.745,26.81,25.63,7047
2002-07-15,1.393,1.38,1.427,1.394,0.754,26.7,25.55,6724
2002-07-22,1.453,1.448,1.498,1.41,0.785,27.62,26.28,6877
2002-07-29,1.467,1.472,1.52,1.407,0.74,26.64,25.45,6550
2002-08-05,1.462,1.465,1.514,1.395,0.745,26.87,25.68,6579
2002-08-12,1.453,1.456,1.503,1.393,0.743,26.77,25.52,6509
2002-08-19,1.437,1.435,1.483,1.392,0.744,28.52,26.44,6324
2002-08-26,1.432,1.426,1.474,1.403,0.744,30.09,27.58,6438
2002-09-02,1.422,1.412,1.461,1.394,0.754,28.84,27.53,6583
2002-09-09,1.417,1.402,1.45,1.395,0.735,28.65,27.45,6699
2002-09-16,1.412,1.395,1.442,1.401,0.773,29.59,28.51,6385
2002-09-23,1.413,1.391,1.438,1.395,0.771,29.39,28.32,6892
2002-09-30,1.43,1.393,1.439,1.413,0.771,30.63,29.17,7098
2002-10-07,1.481,1.485,1.53,1.439,0.848,30.25,28.89,7107
2002-10-14,1.472,1.484,1.531,1.44,0.83,29.37,28.17,7014
2002-10-21,1.473,1.48,1.527,1.458,0.89,29.65,28.45,7129
2002-10-28,1.481,1.479,1.525,1.444,0.776,27.88,26.62,6845
2002-11-04,1.478,1.47,1.517,1.448,0.778,27.03,25.55,6903
2002-11-11,1.465,1.459,1.506,1.439,0.733,25.97,24.3,6758
2002-11-18,1.449,1.447,1.493,1.409,0.733,25.68,23.4,6925
2002-11-25,1.429,1.429,1.475,1.38,0.664,26.98,24.16,7032
2002-12-02,1.41,1.415,1.46,1.364,0.652,26.83,25.19,7291
2002-12-09,1.384,1.388,1.435,1.36,0.683,27.14,25.91,7346
2002-12-16,1.36,1.362,1.409,1.363,0.733,27.82,26.84,7467
2002-12-23,1.371,1.359,1.404,1.401,0.806,30.35,29.56,7421
2002-12-30,1.396,1.382,1.429,1.441,0.893,32.38,31.01,7453
2003-01-06,1.457,1.452,1.498,1.444,0.859,31.96,30.97,7612
2003-01-13,1.455,1.449,1.496,1.454,0.826,31.54,30.37,7549
2003-01-20,1.452,1.44,1.486,1.459,0.868,33.04,31.48,7850
2003-01-27,1.443,1.429,1.473,1.473,0.882,34.46,31.81,7967
2003-02-03,1.475,1.461,1.509,1.527,0.943,33.19,31.2,8046
2003-02-10,1.572,1.567,1.612,1.607,0.943,33.95,31.58,8216
2003-02-17,1.621,1.603,1.649,1.66,1.017,35.79,32.79,8057
2003-02-24,1.613,1.598,1.643,1.658,0.961,36.78,33,8116
2003-03-03,1.612,1.593,1.637,1.686,1.021,36.98,33.72,8322
2003-03-10,1.638,1.641,1.689,1.712,1.05,36.98,34.11,8428
2003-03-17,1.658,1.657,1.702,1.728,1.03,36.66,33.72,8079
2003-03-24,1.651,1.652,1.697,1.69,0.897,30.46,28.18,8230
2003-03-31,1.623,1.632,1.678,1.649,0.886,30.43,26.95,8033
2003-04-07,1.598,1.601,1.644,1.63,0.846,29.33,26.93,7880
2003-04-14,1.557,1.547,1.592,1.595,0.811,28.03,24.96,7871
2003-04-21,1.523,1.499,1.544,1.574,0.833,29.28,24.92,7929
2003-04-28,1.506,1.48,1.526,1.557,0.813,28.43,24.66,7456
2003-05-05,1.474,1.446,1.49,1.513,0.739,25.69,23.55,7035
2003-05-12,1.455,1.429,1.475,1.491,0.75,26.58,24.31,6632
2003-05-19,1.485,1.477,1.523,1.498,0.806,28.54,26.21,6255
2003-05-26,1.477,1.461,1.507,1.487,0.805,29.29,27.19,5925
2003-06-02,1.455,1.433,1.478,1.473,0.798,29.1,26.56,6005
2003-06-09,1.444,1.428,1.473,1.49,0.838,30.68,27.92,5672
2003-06-16,1.496,1.492,1.537,1.518,0.865,31.46,28.38,5565
2003-06-23,1.49,1.48,1.524,1.496,0.799,30.6,26.88,5855
2003-06-30,1.467,1.465,1.51,1.487,0.798,30.01,27.19,5498
2003-07-07,1.458,1.451,1.497,1.489,0.856,30.31,28.4,5326
2003-07-14,1.456,1.447,1.491,1.521,0.916,30.73,28.42,5369
2003-07-21,1.475,1.456,1.501,1.524,0.886,31.48,28.74,5392
2003-07-28,1.528,1.536,1.581,1.516,0.879,30.61,28.02,5240
2003-08-04,1.539,1.54,1.585,1.536,0.885,30.73,28.52,5091
2003-08-11,1.576,1.573,1.62,1.571,0.956,32.11,30.19,5182
2003-08-18,1.607,1.608,1.653,1.627,0.989,31.31,29.6,5081
2003-08-25,1.649,1.64,1.684,1.747,1.052,31.19,29.7,5206
2003-09-01,1.709,1.712,1.758,1.746,0.941,31.56,30.12,5532
2003-09-08,1.694,1.699,1.744,1.717,0.837,29.2,28.16,5573
2003-09-15,1.67,1.677,1.722,1.697,0.898,28.92,27.57,5934
2003-09-22,1.626,1.624,1.668,1.643,0.784,27.39,25.9,5961
2003-09-29,1.569,1.568,1.614,1.591,0.743,27.73,26.49,6348
2003-10-06,1.525,1.524,1.568,1.573,0.743,29.43,28.38,6214
2003-10-13,1.498,1.481,1.527,1.568,0.857,30.69,29.88,6561
2003-10-20,1.501,1.476,1.521,1.571,0.851,31.49,31,6329
2003-10-27,1.544,1.553,1.596,1.542,0.835,30.17,29.66,6324
2003-11-03,1.523,1.525,1.569,1.535,0.841,29.28,28.46,5788
2003-11-10,1.49,1.494,1.537,1.504,0.786,29.79,28.05,6021
2003-11-17,1.468,1.466,1.51,1.497,0.835,31.56,29.01,6160
2003-11-24,1.456,1.44,1.485,1.512,0.855,32.58,29.61,6471
2003-12-01,1.427,1.412,1.457,1.49,0.793,30.11,28.34,6611
2003-12-08,1.403,1.384,1.429,1.476,0.808,30.63,28.93,6708
2003-12-15,1.39,1.371,1.415,1.465,0.83,32.16,30.17,6705
2003-12-22,1.456,1.467,1.511,1.485,0.867,33.2,30.87,6770
2003-12-29,1.454,1.449,1.494,1.478,0.874,32.24,28.84,6699
2004-01-05,1.443,1.431,1.474,1.51,0.923,32.68,29.78,6695
2004-01-12,1.483,1.476,1.52,1.56,0.923,33.89,31.5,6970
2004-01-19,1.506,1.497,1.541,1.595,0.971,34.51,31.7,6929
2004-01-26,1.548,1.55,1.595,1.622,1.018,35.45,31.88,6843
2004-02-02,1.534,1.523,1.567,1.616,0.969,33.61,30.39,7134
2004-02-09,1.531,1.514,1.558,1.638,1.017,33.41,29.66,6959
2004-02-16,1.553,1.567,1.611,1.648,1.012,33.88,30.12,6909
2004-02-23,1.569,1.556,1.601,1.688,1.033,35.54,31.39,6660
2004-03-01,1.588,1.584,1.627,1.717,1.048,36.08,32.27,6623
2004-03-08,1.675,1.686,1.731,1.738,1.073,36.67,33.73,6554
2004-03-15,1.686,1.688,1.732,1.724,1.043,36.44,33.36,6493
2004-03-22,1.701,1.701,1.745,1.743,1.095,37.78,34.56,6478
2004-03-29,1.762,1.772,1.815,1.758,1.121,36.65,33.59,6355
2004-04-05,1.768,1.775,1.819,1.78,1.111,35.23,32.23,6400
2004-04-12,1.771,1.764,1.808,1.786,1.111,35.7,32.75,6309
2004-04-19,1.843,1.854,1.897,1.813,1.171,37.39,33.95,6043
2004-04-26,1.831,1.824,1.869,1.812,1.139,37.32,33.7,5546
2004-05-03,1.836,1.811,1.856,1.844,1.205,37.31,34.64,5801
2004-05-10,1.934,1.933,1.977,1.941,1.3,39.24,36.38,5650
2004-05-17,1.96,1.958,2.003,2.017,1.339,40.37,37.62,5634
2004-05-24,2.001,2.008,2.052,2.064,1.393,40.84,38.43,6284
2004-05-31,1.997,2.004,2.049,2.051,1.308,40.65,37.95,5728
2004-06-07,1.985,1.989,2.034,2.034,1.243,40.01,37.25,6129
2004-06-14,1.955,1.962,2.007,1.985,1.187,37.99,35.34,6445
2004-06-21,1.916,1.916,1.961,1.937,1.187,37.86,35.09,6266
2004-06-28,1.893,1.888,1.932,1.921,1.168,37.7,34.71,6312
2004-07-05,1.869,1.86,1.905,1.895,1.15,37.14,34,6110
2004-07-12,1.883,1.866,1.911,1.917,1.275,39.73,36.51,5988
2004-07-19,1.919,1.913,1.958,1.928,1.272,40.33,37.76,6255
2004-07-26,1.907,1.895,1.939,1.905,1.21,41.27,39.05,5830
2004-08-02,1.888,1.873,1.916,1.888,1.197,42.5,40.66,6054
2004-08-09,1.874,1.857,1.901,1.877,1.159,43.81,42.01,5916
2004-08-16,1.857,1.84,1.885,1.875,1.196,45.24,43.16,5450
2004-08-23,1.866,1.836,1.88,1.884,1.235,47.28,44.56,5652
2004-08-30,1.858,1.826,1.871,1.866,1.151,44.34,42.23,5687
2004-09-06,1.84,1.812,1.857,1.85,1.127,43.28,41,5840
2004-09-13,1.829,1.804,1.849,1.846,1.164,43.33,40.6,5832
2004-09-20,1.842,1.829,1.874,1.866,1.237,44.39,41.55,5929
2004-09-27,1.889,1.874,1.919,1.917,1.298,47.82,45.3,5449
2004-10-04,1.929,1.906,1.951,1.938,1.315,49.71,47.11,5668
2004-10-11,1.934,1.91,1.956,1.993,1.349,51.77,48.09,5448
2004-10-18,1.963,1.943,1.984,2.035,1.37,54.12,50.96,5322
2004-10-25,1.976,1.965,2.006,2.032,1.362,54.43,50.5,5491
2004-11-01,1.962,1.945,1.991,2.034,1.313,53.43,50.15,5588
2004-11-08,1.946,1.927,1.974,2.001,1.249,49.81,45.78,5615
2004-11-15,1.925,1.904,1.949,1.969,1.224,48,42.83,5773
2004-11-22,1.905,1.884,1.929,1.948,1.22,47.02,40.63,5721
2004-11-29,1.895,1.872,1.917,1.945,1.259,48.79,42.78,5889
2004-12-06,1.872,1.852,1.897,1.911,1.152,46.06,41.31,6110
2004-12-13,1.825,1.811,1.856,1.847,0.984,41.91,37.6,6212
2004-12-20,1.799,1.787,1.832,1.815,1.032,43.5,39.98,6347
2004-12-27,1.783,1.773,1.819,1.791,1.074,44.39,41.15,6412
2005-01-03,1.754,1.738,1.784,1.778,1.017,42.52,39.79,6648
2005-01-10,1.726,1.701,1.747,1.793,1.168,44.07,42.07,6630
2005-01-17,1.744,1.729,1.774,1.819,1.229,46.79,44.59,6754
2005-01-24,1.777,1.756,1.799,1.853,1.261,47.85,45.08,6810
2005-01-31,1.831,1.81,1.854,1.911,1.309,48.56,45.82,6865
2005-02-07,1.832,1.805,1.85,1.909,1.263,46.97,44.04,6896
2005-02-14,1.825,1.801,1.846,1.898,1.207,46.97,43.29,6910
2005-02-21,1.873,1.875,1.921,1.905,1.222,47.82,45.22,6932
2005-02-28,1.896,1.881,1.926,1.928,1.259,51.75,48.23,6824
2005-03-07,1.992,1.983,2.027,1.999,1.331,52.74,51.33,6834
2005-03-14,2.074,2.054,2.098,2.056,1.432,54.22,53.09,6614
2005-03-21,2.095,2.079,2.122,2.109,1.481,55.93,54.85,6467
2005-03-28,2.166,2.157,2.2,2.153,1.481,52.95,53.76,6065
2005-04-04,2.19,2.182,2.226,2.217,1.595,54.97,52.23,5922
2005-04-11,2.269,2.259,2.305,2.28,1.595,55.24,53.79,5600
2005-04-18,2.244,2.228,2.273,2.237,1.468,51.44,50.43,5483
2005-04-25,2.217,2.205,2.25,2.236,1.558,52.39,51.23,5661
2005-05-02,2.211,2.197,2.242,2.235,1.526,52,51.64,5606
2005-05-09,2.188,2.167,2.212,2.186,1.432,50.64,50.05,5847
2005-05-16,2.159,2.143,2.189,2.163,1.436,50.33,48.7,5906
2005-05-23,2.12,2.103,2.147,2.125,1.376,47.77,46.98,6061
2005-05-30,2.089,2.071,2.116,2.097,1.391,50.15,48.59,6128
2005-06-06,2.083,2.061,2.106,2.116,1.472,53.76,50.46,6246
2005-06-13,2.094,2.073,2.117,2.13,1.489,53.74,51.9,6201
2005-06-20,2.093,2.066,2.111,2.161,1.528,56.18,54.17,6271
2005-06-27,2.136,2.116,2.16,2.215,1.574,59.04,56.95,6078
2005-07-04,2.192,2.17,2.215,2.226,1.519,58.21,56.69,6103
2005-07-11,2.27,2.257,2.3,2.328,1.674,60.36,57.98,5937
2005-07-18,2.274,2.248,2.292,2.317,1.608,59.18,57.43,5481
2005-07-25,2.254,2.235,2.28,2.289,1.569,57.3,56.39,5309
2005-08-01,2.239,2.213,2.257,2.291,1.588,59.39,58.5,4997
2005-08-08,2.297,2.283,2.326,2.368,1.718,61.64,60.42,4973
2005-08-15,2.457,2.444,2.489,2.55,1.877,64.85,64.46,4815
2005-08-22,2.597,2.599,2.644,2.612,1.92,64.92,64.23,4530
2005-08-29,2.61,2.608,2.653,2.61,1.92,66.34,65.68,4478
2005-09-05,3.04,3.028,3.069,3.069,2.609,68.47,66.09,4370
2005-09-12,2.995,2.988,3.033,2.955,2.196,64.81,63.24,4772
2005-09-19,2.885,2.892,2.936,2.786,1.848,63.84,61.22,4875
2005-09-26,2.866,2.86,2.904,2.803,2.247,66.43,63.63,4992
2005-10-03,2.907,2.898,2.941,2.928,2.77,66.06,62.16,5377
2005-10-10,2.845,2.821,2.867,2.848,2.181,63.06,58.93,5318
2005-10-17,2.785,2.764,2.809,2.725,1.86,62.87,58.59,5342
2005-10-24,2.698,2.674,2.719,2.603,1.671,62.28,58.15,5606
2005-10-31,2.583,2.545,2.59,2.48,1.671,61.33,58.5,6029
2005-11-07,2.466,2.419,2.464,2.376,1.502,60.34,58.74,6039
2005-11-14,2.373,2.342,2.387,2.296,1.48,58.8,56.79,6197
2005-11-21,2.277,2.236,2.281,2.201,1.416,57,53.77,6031
2005-11-28,2.209,2.171,2.216,2.154,1.407,58.13,53.57,5889
2005-12-05,2.142,2.113,2.157,2.147,1.442,57.78,53.59,5995
2005-12-12,2.147,2.113,2.158,2.185,1.575,59.83,56.07,5407
2005-12-19,2.179,2.149,2.184,2.211,1.595,60.32,58.75,5406
2005-12-26,2.148,2.102,2.147,2.197,1.595,57.97,56.36,5574
2006-01-02,2.166,2.127,2.171,2.238,1.616,59.82,57.38,5679
2006-01-09,2.278,2.264,2.308,2.327,1.749,63.39,61.72,6241
2006-01-16,2.25,2.235,2.279,2.32,1.682,63.74,62.18,6148
2006-01-23,2.24,2.22,2.265,2.336,1.718,66.79,63.54,6269
2006-01-30,2.253,2.222,2.267,2.357,1.624,66.82,63.77,6519
2006-02-06,2.242,2.21,2.256,2.342,1.651,66.59,64,6386
2006-02-13,2.216,2.19,2.235,2.284,1.524,63.06,61.23,6927
2006-02-20,2.185,2.154,2.199,2.24,1.475,59.37,58.04,6796
2006-02-27,2.222,2.208,2.253,2.254,1.546,59.93,59.39,6646
2006-03-06,2.287,2.277,2.322,2.331,1.68,62.27,61.06,6493
2006-03-13,2.327,2.305,2.349,2.366,1.711,60.89,59.5,6344
2006-03-20,2.48,2.465,2.511,2.504,1.906,62.64,62.42,6115
2006-03-27,2.469,2.462,2.507,2.498,1.815,61.36,61.61,5912
2006-04-03,2.517,2.495,2.54,2.588,1.959,65.67,64.76,5747
2006-04-10,2.613,2.602,2.646,2.683,2.082,66.56,66.93,5523
2006-04-17,2.712,2.704,2.748,2.783,2.17,68.85,68.91,5716
2006-04-24,2.825,2.824,2.867,2.914,2.256,71.87,72.54,5594
2006-05-01,2.83,2.824,2.868,2.919,2.136,70.38,72.84,5459
2006-05-08,2.818,2.812,2.857,2.909,2.073,72.14,72.92,5606
2006-05-15,2.82,2.811,2.855,2.947,2.109,71.5,70.44,5451
2006-05-22,2.796,2.795,2.84,2.892,1.976,69.07,67.84,5526
2006-05-29,2.782,2.778,2.822,2.867,1.976,70.35,68.47,5454
2006-06-05,2.776,2.77,2.814,2.892,2.112,71.53,68.75,5713
2006-06-12,2.824,2.807,2.851,2.906,2.14,71.54,67.89,5413
2006-06-19,2.81,2.793,2.838,2.871,2.046,69.48,66.17,5863
2006-06-26,2.794,2.777,2.821,2.869,2.07,69.94,68.33,5895
2006-07-03,2.899,2.884,2.929,2.934,2.22,72.65,71.82,5911
2006-07-10,2.924,2.914,2.959,2.973,2.234,74.65,73.45,5450
2006-07-17,2.928,2.913,2.957,2.989,2.239,75.21,73.99,5440
2006-07-24,2.949,2.935,2.978,3.003,2.301,73.98,73.52,5301
2006-07-31,2.977,2.965,3.01,3.004,2.295,73.87,73.53,5300
2006-08-07,3.03,3.014,3.058,3.038,2.303,75.2,76.32,5226
2006-08-14,3.026,3.008,3.052,3,2.095,75.63,76.98,5035
2006-08-21,2.995,2.991,3.036,2.924,1.967,71.79,72.35,5200
2006-08-28,2.955,2.953,2.999,2.845,1.873,72.12,71.92,5087
2006-09-04,2.894,2.893,2.938,2.727,1.768,70.01,68.35,5268
2006-09-11,2.835,2.851,2.896,2.618,1.626,67.53,65.76,5392
2006-09-18,2.737,2.758,2.804,2.497,1.568,67.53,61.38,5465
2006-09-25,2.653,2.68,2.725,2.378,1.489,61.4,60.23,5728
2006-10-02,2.547,2.579,2.625,2.31,1.489,61.94,58.76,5930
2006-10-09,2.43,2.434,2.479,2.261,1.52,59.77,57.15,6080
2006-10-16,2.33,2.291,2.336,2.226,1.502,58.58,58.33,5932
2006-10-23,2.251,2.188,2.234,2.208,1.502,58.48,58.51,5760
2006-10-30,2.21,2.153,2.198,2.218,1.531,58.88,57.73,5600
2006-11-06,2.177,2.132,2.176,2.2,1.488,58.55,56.48,5716
2006-11-13,2.158,2.113,2.158,2.232,1.575,59.96,58.02,5828
2006-11-20,2.149,2.117,2.161,2.239,1.536,57.56,57.85,5906
2006-11-27,2.144,2.116,2.159,2.246,1.564,57.24,59.2,5762
2006-12-04,2.175,2.14,2.184,2.297,1.633,62.02,62.59,6142
2006-12-11,2.176,2.145,2.189,2.293,1.587,62.32,63.63,6053
2006-12-18,2.168,2.138,2.181,2.32,1.601,61.91,62.56,6187
2006-12-25,2.176,2.153,2.197,2.341,1.627,62.4,62.44,6142
2007-01-01,2.173,2.153,2.196,2.334,1.548,60.66,59.69,6514
2007-01-08,2.171,2.147,2.191,2.306,1.482,57.76,55.63,6849
2007-01-15,2.144,2.125,2.169,2.229,1.387,54.11,51.79,7040
2007-01-22,2.098,2.076,2.121,2.165,1.327,51.51,51.4,7197
2007-01-29,2.058,2.035,2.079,2.165,1.41,53.57,54.87,7197
2007-02-05,2.088,2.074,2.119,2.191,1.475,57.11,55.92,6759
2007-02-12,2.131,2.116,2.161,2.241,1.529,58.99,57.9,7038
2007-02-19,2.213,2.213,2.257,2.296,1.57,58.41,55.54,7013
2007-02-26,2.308,2.3,2.342,2.383,1.57,59.57,58.16,6946
2007-03-05,2.429,2.437,2.477,2.505,,61.64,60.62,6987
2007-03-12,2.439,2.429,2.473,2.559,,60.85,60.35,6768
2007-03-19,2.519,2.51,2.555,2.577,1.806,57.94,60.87,6314
2007-03-26,2.558,2.555,2.6,2.61,1.852,58.26,61.09,6183
2007-04-02,2.618,2.601,2.645,2.707,1.941,64.18,66.1,6155
2007-04-09,2.716,2.705,2.753,2.802,2.036,64.82,68.55,5807
2007-04-16,2.795,2.765,2.815,2.876,2.185,62.58,68.2,5807
2007-04-23,2.814,2.784,2.833,2.869,2.073,63.06,66.21,5372
2007-04-30,2.938,2.907,2.956,2.971,2.302,65.26,67.39,5406
2007-05-07,3.098,3.082,3.132,3.054,2.245,63.82,66.04,5359
2007-05-14,3.224,3.215,3.264,3.103,2.277,61.9,63.91,5509
2007-05-21,3.312,3.301,3.352,3.218,2.443,63.61,67.55,5608
2007-05-28,3.312,3.3,3.352,3.209,2.308,64.89,70.65,5504
2007-06-04,3.274,3.276,3.328,3.157,2.224,63.94,68.45,5628
2007-06-11,3.217,3.227,3.278,3.076,2.157,65.9,71.23,5763
2007-06-18,3.162,3.163,3.211,3.009,2.122,66.62,69.89,5848
2007-06-25,3.115,3.11,3.158,2.982,2.178,68.78,71.78,5978
2007-07-02,3.086,3.072,3.119,2.959,2.145,69.13,71.76,6063
2007-07-09,3.076,3.053,3.1,2.981,2.209,71.78,74.79,6162
2007-07-16,3.146,3.112,3.158,3.049,2.27,72.79,77.76,6170
2007-07-23,3.067,3.043,3.089,2.958,2.085,74.92,78.24,6233
2007-07-30,2.99,2.981,3.028,2.876,2.006,75.15,76.66,5990
2007-08-06,2.936,2.924,2.972,2.838,2.001,76.75,76.34,6120
2007-08-13,2.867,2.862,2.909,2.771,1.906,71.92,70.7,6040
2007-08-20,2.834,2.82,2.868,2.785,1.991,72.05,70.09,6102
2007-08-27,2.807,2.789,2.837,2.749,1.911,70.19,68.44,6090
2007-09-03,2.87,2.838,2.885,2.796,2.041,72.93,70.55,6213
2007-09-10,2.896,2.885,2.933,2.818,2.115,75.96,75.06,5933
2007-09-17,2.864,2.847,2.895,2.787,2.085,78.95,76.89,5745
2007-09-24,2.838,2.816,2.864,2.812,2.151,82.26,78.17,5776
2007-10-01,2.811,2.79,2.837,2.788,2.092,81.7,78.15,5613
2007-10-08,2.775,2.749,2.798,2.77,2.02,80.59,77.98,5826
2007-10-15,2.754,2.733,2.782,2.762,2.046,81.46,78.85,6007
2007-10-22,2.809,2.786,2.834,2.823,2.158,87.8,84.29,6022
2007-10-29,2.807,2.779,2.827,2.872,2.158,89.23,83.72,5725
2007-11-05,2.946,2.921,2.969,3.013,2.326,93.46,90.42,5497
2007-11-12,3.057,3.026,3.072,3.111,2.429,95.81,93.54,5268
2007-11-19,3.055,3.023,3.071,3.099,2.353,93.56,90.74,5161
2007-11-26,3.038,3.013,3.061,3.097,2.398,97.93,94.01,5294
2007-12-03,3.004,2.964,3.012,3.061,2.255,92.47,92.16,5610
2007-12-10,2.914,2.874,2.921,3,2.186,88.71,89.09,5566
2007-12-17,2.861,2.828,2.876,2.998,2.247,91.18,90.24,5878
2007-12-24,2.812,2.794,2.842,2.98,2.266,91.16,90.82,6134
2007-12-31,2.806,2.784,2.833,3.053,2.396,95.64,94.39,6381
2008-01-07,2.865,2.839,2.887,3.109,2.466,98.17,96.5,6323
2008-01-14,2.867,2.84,2.888,3.068,2.341,94.76,94.4,6529
2008-01-21,2.845,2.825,2.873,3.017,2.237,91.51,90.03,6607
2008-01-28,2.836,2.819,2.868,2.977,2.256,89.41,88.46,6955
2008-02-04,2.89,2.874,2.922,2.978,2.301,91.14,91.77,7112
2008-02-11,2.887,2.864,2.913,2.96,2.245,89.08,89.88,7041
2008-02-18,2.917,2.896,2.944,3.042,2.38,94.13,94.98,6960
2008-02-25,3.04,3.011,3.059,3.13,2.535,99.61,97.13,6786
2008-03-03,3.051,3.029,3.077,3.162,2.532,100.84,99.1,7045
2008-03-10,3.062,3.04,3.087,3.225,2.539,103.44,101.9,7091
2008-03-17,3.126,3.114,3.162,3.284,2.603,109.35,107.69,6677
2008-03-24,3.139,3.135,3.183,3.259,2.493,105.28,103.05,6355
2008-03-31,3.195,3.182,3.23,3.29,2.604,104.49,102.05,6278
2008-04-07,3.247,3.234,3.28,3.332,2.631,103.46,100.88,6157
2008-04-14,3.284,3.268,3.315,3.389,2.694,109.71,106.6,6252
2008-04-21,3.412,3.406,3.454,3.508,2.833,114.33,110.42,5794
2008-04-28,3.482,3.475,3.52,3.603,2.934,118.53,114.34,5873
2008-05-05,3.484,3.468,3.516,3.613,2.84,115.42,111.98,5713
2008-05-12,3.612,3.607,3.655,3.722,3.029,123.01,119.84,5468
2008-05-19,3.694,3.684,3.732,3.791,3.091,124.96,122.58,5520
2008-05-26,3.863,3.857,3.905,3.937,3.224,130.14,126.47,5485
2008-06-02,3.885,3.885,3.934,3.976,3.229,128.47,128.76,5937
2008-06-09,3.924,3.909,3.958,4.039,3.225,128.16,126.33,5786
2008-06-16,3.958,3.946,3.994,4.082,3.281,134.8,134.12,6036
2008-06-23,3.952,3.935,3.983,4.079,3.275,134.34,132.08,6254
2008-06-30,3.959,3.937,3.984,4.095,3.342,137,135.54,5808
2008-07-07,3.989,3.974,4.02,4.114,3.371,142.52,141.07,5951
2008-07-14,4.03,4.013,4.061,4.113,3.31,139.95,137.43,6137
2008-07-21,4.014,3.998,4.047,4.064,3.175,135.37,135.05,5793
2008-07-28,3.95,3.957,4.005,3.955,2.992,125.92,126.7,5767
2008-08-04,3.891,3.894,3.942,3.88,2.998,124.57,124.43,6094
2008-08-11,3.846,3.857,3.906,3.809,2.945,118.8,116.56,6107
2008-08-18,3.783,3.796,3.845,3.74,2.922,114.4,110.16,6073
2008-08-25,3.731,3.756,3.804,3.685,2.863,115.7,111.66,6209
2008-09-01,3.723,3.725,3.774,3.68,2.998,116.09,112.4,5953
2008-09-08,3.678,3.689,3.738,3.648,2.995,108.37,103.69,6046
2008-09-15,3.71,3.69,3.738,3.835,3.668,102.88,97.28,6136
2008-09-22,3.594,3.622,3.671,3.718,3.282,97.19,89.35,6245
2008-09-29,3.543,3.564,3.612,3.632,2.789,111.12,100.91,6333
2008-10-06,3.439,3.461,3.51,3.484,2.492,96.59,91.9,6599
2008-10-13,3.19,3.222,3.272,3.151,1.992,86.24,80.98,6815
2008-10-20,2.917,2.926,2.975,2.914,1.798,75.19,69.28,6598
2008-10-27,2.642,2.63,2.68,2.656,1.574,68.56,64.4,6455
2008-11-03,2.398,2.375,2.423,2.4,1.408,65.21,60.61,7348
2008-11-10,2.191,2.136,2.185,2.224,1.35,64.31,59.43,7385
2008-11-17,1.996,1.966,2.014,2.072,1.257,58.6,53.27,6917
2008-11-24,1.806,1.789,1.837,1.892,1.063,52.26,47.79,7482
2008-12-01,1.717,1.693,1.739,1.811,1.132,53.27,48.53,7163
2008-12-08,1.644,1.614,1.661,1.699,0.95,45.6,43.7,7100
2008-12-15,1.596,1.56,1.609,1.659,0.943,44.57,41.01,6940
2008-12-22,1.571,1.539,1.587,1.653,0.991,39.7,41.71,7079
2008-12-29,1.535,1.506,1.555,1.613,0.842,32.98,35.38,6983
2009-01-05,1.493,1.468,1.516,1.684,0.944,42.4,37.04,6944
2009-01-12,1.547,1.533,1.582,1.784,1.108,44.46,45.25,6720
2009-01-19,1.628,1.612,1.66,1.847,1.158,36.73,42.38,6468
2009-01-26,1.689,1.674,1.722,1.838,1.143,42.15,41.67,6363
2009-02-02,1.772,1.759,1.806,1.892,1.189,42.7,44.2,6396
2009-02-09,1.831,1.83,1.878,1.926,1.234,40.78,43.64,6612
2009-02-16,1.861,1.852,1.9,1.964,1.273,36.94,45.59,6854
2009-02-23,1.826,1.818,1.867,1.909,1.086,37.15,40.91,6917
2009-03-02,1.794,1.802,1.852,1.934,1.165,41.1,42.68,6788
2009-03-09,1.826,1.818,1.864,1.941,1.238,43.18,43.86,6530
2009-03-16,1.821,1.818,1.865,1.91,1.21,45.66,43.98,6444
2009-03-23,1.886,1.876,1.925,1.962,1.294,49.49,46.43,6401
2009-03-30,1.98,1.976,2.023,2.046,1.408,52.99,51.46,6410
2009-04-06,1.994,1.977,2.026,2.037,1.321,50.34,48.49,6153
2009-04-13,2.005,1.996,2.044,2.051,1.371,50.46,51.48,5957
2009-04-20,2.024,2.015,2.063,2.059,1.384,49.86,51.59,5617
2009-04-27,2.041,2.022,2.07,2.049,1.314,47.8,48.97,5413
2009-05-04,2.063,2.041,2.088,2.078,1.355,50.2,49.92,5509
2009-05-11,2.196,2.181,2.229,2.24,1.546,55.96,54.83,5491
2009-05-18,2.253,2.238,2.286,2.309,1.612,57.94,56.39,5375
2009-05-25,2.383,2.369,2.417,2.435,1.735,60.32,57.89,5612
2009-06-01,2.437,2.425,2.473,2.524,1.813,64.32,62.2,5592
2009-06-08,2.509,2.489,2.537,2.624,1.891,68.11,67.17,5592
2009-06-15,2.537,2.52,2.568,2.672,1.952,70.85,69.88,5834
2009-06-22,2.546,2.525,2.573,2.691,1.958,70.62,69.68,5915
2009-06-29,2.531,2.502,2.551,2.642,1.779,68.58,67.58,6025
2009-07-06,2.513,2.493,2.541,2.612,1.784,69.32,68.03,6188
2009-07-13,2.472,2.458,2.506,2.528,1.605,61.48,60.39,6350
2009-07-20,2.435,2.427,2.476,2.463,1.61,61.29,61.11,6151
2009-07-27,2.435,2.417,2.465,2.503,1.773,65.28,66.56,6109
2009-08-03,2.459,2.433,2.482,2.557,1.817,67.03,68.6,5845
2009-08-10,2.537,2.511,2.558,2.647,1.951,71.58,73.99,5765
2009-08-17,2.54,2.515,2.563,2.637,1.904,69.64,72.9,5735
2009-08-24,2.527,2.511,2.559,2.628,1.864,70.8,71.52,5692
2009-08-31,2.511,2.496,2.544,2.613,1.854,72.37,72.33,5771
2009-09-07,2.48,2.475,2.525,2.588,1.767,68.39,67.6,5586
2009-09-14,2.458,2.45,2.499,2.577,1.773,70.91,69.17,5870
2009-09-21,2.431,2.414,2.462,2.552,1.784,71.32,68.85,6271
2009-09-28,2.401,2.38,2.429,2.499,1.683,68.33,66.96,6375
2009-10-05,2.36,2.333,2.382,2.468,1.682,68.84,65.9,6289
2009-10-12,2.354,2.332,2.38,2.489,1.758,70.8,67.87,6305
2009-10-19,2.441,2.409,2.457,2.574,1.867,75.73,72.29,5933
2009-10-26,2.56,2.545,2.593,2.674,1.992,80.06,77.24,5821
2009-11-02,2.593,2.565,2.614,2.694,1.986,78.47,76.07,5651
2009-11-09,2.576,2.549,2.598,2.666,1.94,79,76.6,5916
2009-11-16,2.547,2.528,2.575,2.629,1.907,78.24,76.25,6083
2009-11-23,2.528,2.511,2.559,2.639,1.933,78.37,77.04,6478
2009-11-30,2.51,2.487,2.537,2.629,1.915,76.14,76.52,6613
2009-12-07,2.504,2.476,2.525,2.634,1.942,76.81,77.78,6675
2009-12-14,2.484,2.462,2.51,2.599,1.836,71.51,73.14,6530
2009-12-21,2.451,2.43,2.479,2.589,1.818,71.72,71.8,6257
2009-12-28,2.454,2.423,2.473,2.607,1.875,74.76,73.35,5851
2010-01-04,2.475,2.449,2.496,2.665,1.993,79.07,77.19,5762
2010-01-11,2.554,2.519,2.567,2.751,2.101,82.34,79.82,5732
2010-01-18,2.576,2.542,2.591,2.739,2.05,80.06,78.31,5802
2010-01-25,2.561,2.528,2.576,2.705,1.98,76.62,74.28,5977
2010-02-01,2.535,2.516,2.565,2.661,1.917,73.94,71.88,5987
2010-02-08,2.527,2.505,2.554,2.652,1.928,74.57,72.54,6048
2010-02-15,2.505,2.485,2.533,2.608,1.877,73.88,70.85,6179
2010-02-22,2.542,2.517,2.566,2.655,2.012,78.25,75.8,6134
2010-03-01,2.576,2.556,2.604,2.702,2.057,79.22,76.23,6305
2010-03-08,2.64,2.603,2.651,2.751,2.107,80.19,77.86,6228
2010-03-15,2.646,2.639,2.686,2.788,2.158,81.76,79.36,6333
2010-03-22,2.673,2.651,2.698,2.819,2.162,81.44,79.05,6157
2010-03-29,2.681,2.665,2.713,2.798,2.109,80.65,78.38,6264
2010-04-05,2.706,2.688,2.736,2.826,2.168,83.01,80.59,6023
2010-04-12,2.721,2.704,2.752,2.858,2.185,85.66,83.88,6207
2010-04-19,2.731,2.71,2.758,2.86,2.173,84.34,85.23,6497
2010-04-26,2.721,2.709,2.757,2.849,2.181,82.9,84.61,6952
2010-05-03,2.727,2.716,2.764,2.898,2.225,84.22,85.98,6926
2010-05-10,2.744,2.731,2.779,2.905,2.134,80.24,82.5,7071
2010-05-17,2.731,2.724,2.773,2.864,2.062,74.98,78.32,7160
2010-05-24,2.691,2.69,2.738,2.786,1.896,69.14,72.17,6812
2010-05-31,2.655,2.657,2.706,2.728,1.864,70.62,70.79,6975
2010-06-07,2.64,2.63,2.678,2.725,1.905,72.91,72.71,6668
2010-06-14,2.63,2.617,2.665,2.701,1.916,73.44,72.76,6764
2010-06-21,2.671,2.644,2.691,2.743,2.021,76.7,76.22,7028
2010-06-28,2.684,2.657,2.705,2.757,2.012,77.06,76.64,6745
2010-07-05,2.667,2.646,2.694,2.726,1.947,74.96,73.86,6790
2010-07-12,2.654,2.633,2.681,2.718,1.954,74.39,73.95,6787
2010-07-19,2.646,2.623,2.671,2.722,1.974,76.35,75.7,6681
2010-07-26,2.646,2.623,2.671,2.749,2.003,77.56,76.64,6833
2010-08-02,2.645,2.622,2.67,2.735,1.991,78.12,77.24,6416
2010-08-09,2.678,2.673,2.721,2.783,2.071,81.79,82.69,6170
2010-08-16,2.686,2.667,2.716,2.745,1.935,78.17,78.21,5967
2010-08-23,2.685,2.662,2.711,2.704,1.857,74.84,74.94,6168
2010-08-30,2.727,2.705,2.755,2.682,1.858,72.91,72.82,6073
2010-09-06,2.735,2.711,2.76,2.682,1.913,74.02,75.41,6533
2010-09-13,2.755,2.731,2.78,2.721,1.975,74.82,77.17,6543
2010-09-20,2.748,2.722,2.769,2.723,1.976,75.62,78.44,6678
2010-09-27,2.714,2.702,2.75,2.694,1.921,73.76,78.38,6739
2010-10-04,2.7,2.696,2.746,2.732,1.982,78.41,79.82,6618
2010-10-11,2.717,2.707,2.755,2.819,2.117,82.29,83.87,6832
2010-10-18,2.717,2.704,2.752,2.834,2.112,82.16,83.11,6939
2010-10-25,2.702,2.694,2.743,2.817,2.032,81.15,81.43,6503
2010-11-01,2.683,2.671,2.721,2.806,2.023,82.03,82.25,6656
2010-11-08,2.693,2.679,2.726,2.865,2.082,84.93,85.6,6665
2010-11-15,2.713,2.701,2.749,2.892,2.159,86.91,87.43,6844
2010-11-22,2.697,2.676,2.724,2.876,2.112,82.23,83.94,6851
2010-11-29,2.667,2.654,2.702,2.856,2.094,82.28,83.51,6777
2010-12-06,2.683,2.669,2.717,2.958,2.237,86.75,88.1,7169
2010-12-13,2.733,2.719,2.767,2.98,2.277,88.5,90.25,7091
2010-12-20,2.736,2.716,2.764,2.982,2.256,88.27,90.91,7224
2010-12-27,2.784,2.774,2.822,3.052,2.376,89.66,92.9,7083
2011-01-03,2.838,2.811,2.858,3.07,2.358,90.97,93.17,7400
2011-01-10,2.866,2.848,2.895,3.089,2.387,89.54,94.72,7430
2011-01-17,2.928,2.906,2.953,3.104,2.412,91.02,97.09,7208
2011-01-24,2.964,2.941,2.988,3.11,2.414,89.75,97.34,7185
2011-01-31,2.967,2.947,2.995,3.101,2.352,86.11,96.62,7059
2011-02-07,2.992,2.98,3.028,3.132,2.411,89.52,100.36,6970
2011-02-14,3.006,2.984,3.032,3.14,2.44,85.51,99.9,7206
2011-02-21,3.056,3.025,3.073,3.189,2.489,84.13,102.81,7027
2011-02-28,3.189,3.175,3.222,3.383,2.673,95.26,110.49,7065
2011-03-07,3.327,3.301,3.349,3.52,2.828,101.05,114.53,7037
2011-03-14,3.362,3.332,3.38,3.567,2.851,103.74,114.45,7040
2011-03-21,3.369,3.346,3.396,3.562,2.775,99.79,112.67,6954
2011-03-28,3.417,3.393,3.441,3.596,2.891,104.41,115.41,6896
2011-04-04,3.488,3.457,3.504,3.684,2.958,105.08,116.49,6898
2011-04-11,3.566,3.533,3.581,3.791,3.08,109.29,123.03,6410
2011-04-18,3.591,3.558,3.606,3.844,3.105,107.75,123.57,6313
2011-04-25,3.619,3.589,3.637,3.879,3.133,109.11,122.74,6089
2011-05-02,3.69,3.671,3.719,3.963,3.245,112.3,125.36,6025
2011-05-09,3.723,3.7,3.748,3.965,3.182,105.84,119.56,6013
2011-05-16,3.783,3.769,3.817,3.96,3.199,99.87,114.53,6192
2011-05-23,3.749,3.737,3.785,3.849,2.848,97.99,112.02,6423
2011-05-30,3.718,3.709,3.756,3.794,2.888,99.55,113.41,6677
2011-06-06,3.69,3.684,3.732,3.781,2.906,100.92,115.68,6902
2011-06-13,3.652,3.656,3.704,3.713,2.849,100.05,117.73,6905
2011-06-20,3.615,3.609,3.657,3.652,2.809,95.87,116.79,6655
2011-06-27,3.552,3.553,3.601,3.574,2.674,92.7,110.18,6878
2011-07-04,3.494,3.485,3.533,3.579,2.771,93.7,109.03,6915
2011-07-11,3.487,3.476,3.523,3.641,2.939,97.12,115.39,6456
2011-07-18,3.5,3.479,3.527,3.682,2.989,96.72,117.72,6526
2011-07-25,3.503,3.482,3.53,3.699,2.99,98.01,118.2,6420
2011-08-01,3.51,3.486,3.533,3.711,2.999,97.83,117.7,6166
2011-08-08,3.496,3.468,3.517,3.674,2.816,90.85,112.65,6256
2011-08-15,3.453,3.42,3.468,3.604,2.673,82.86,105.3,6131
2011-08-22,3.44,3.407,3.455,3.581,2.773,85.36,109.54,6232
2011-08-29,3.466,3.444,3.491,3.627,2.866,85.06,111.06,6002
2011-09-05,3.522,3.507,3.554,3.674,2.92,88.07,116.11,5773
2011-09-12,3.551,3.53,3.578,3.661,2.841,87.91,115.97,5618
2011-09-19,3.535,3.514,3.563,3.601,2.72,88.93,114.98,5498
2011-09-26,3.493,3.468,3.516,3.509,2.583,83.65,111.98,5522
2011-10-03,3.452,3.427,3.476,3.433,2.569,81.18,107.69,5947
2011-10-10,3.446,3.426,3.473,3.417,2.633,79.43,104.03,6226
2011-10-17,3.504,3.483,3.528,3.476,2.777,85.35,111.59,6266
2011-10-24,3.505,3.484,3.532,3.462,2.693,86.82,111.47,6231
2011-10-31,3.481,3.456,3.504,3.452,2.675,92.32,111.33,6256
2011-11-07,3.459,3.437,3.486,3.424,2.621,93.24,109.84,6211
2011-11-14,3.433,3.408,3.456,3.436,2.633,96.97,114.68,6429
2011-11-21,3.379,3.353,3.401,3.368,2.476,99.32,110.69,6513
2011-11-28,3.332,3.304,3.352,3.307,2.453,96.89,106.67,6686
2011-12-05,3.285,3.253,3.301,3.29,2.506,99.91,110.05,7313
2011-12-12,3.221,3.192,3.241,3.286,2.532,100.08,109.31,7193
2011-12-19,3.127,3.106,3.155,3.229,2.483,96.06,106.26,7213
2011-12-26,3.073,3.049,3.098,3.258,2.556,97.74,107.72,7202
2012-01-02,3.049,3.033,3.081,3.299,2.617,99.81,107.51,7428
2012-01-09,3.032,3.012,3.06,3.382,2.709,102.39,112.51,7319
2012-01-16,3.009,2.996,3.045,3.391,2.736,100.43,111.78,7306
2012-01-23,2.993,2.977,3.025,3.389,2.79,99.95,109.6,7084
2012-01-30,2.986,2.965,3.013,3.439,2.827,99.35,109.18,7449
2012-02-06,3.057,3.036,3.085,3.482,2.875,97.8,111.2,7485
2012-02-13,3.067,3.052,3.1,3.523,2.948,98.56,117.21,7429
2012-02-20,3.083,3.076,3.124,3.591,2.988,101.73,119.79,7211
2012-02-27,3.146,3.133,3.18,3.721,3.115,107.18,123.34,7056
2012-03-05,3.242,3.234,3.282,3.793,3.067,107.52,124.88,6675
2012-03-12,3.44,3.439,3.486,3.829,3.104,106.32,126.62,6339
2012-03-19,3.619,3.61,3.658,3.867,3.155,106.15,126.22,6444
2012-03-26,3.705,3.697,3.745,3.918,3.215,106.41,124.35,6524
2012-04-02,3.809,3.808,3.856,3.941,3.24,105.12,124.43,6617
2012-04-09,3.857,3.848,3.896,3.939,3.25,103.52,124.18,6506
2012-04-16,3.891,3.888,3.935,3.922,3.173,102.55,120.87,6600
2012-04-23,3.882,3.885,3.932,3.87,3.059,103.15,117.18,6385
2012-04-30,3.857,3.861,3.911,3.83,2.987,103.78,118.1,6304
2012-05-07,3.824,3.823,3.872,3.79,2.876,103.47,116.67,6051
2012-05-14,3.792,3.79,3.838,3.754,2.826,96.98,111.78,5922
2012-05-21,3.759,3.755,3.803,3.715,2.755,93.11,109.87,5664
2012-05-28,3.718,3.717,3.766,3.67,2.739,90.88,108.14,5737
2012-06-04,3.695,3.697,3.746,3.613,2.662,87.06,103.47,5826
2012-06-11,3.676,3.686,3.736,3.572,2.584,84.43,99.03,5757
2012-06-18,3.69,3.691,3.74,3.533,2.572,83.27,97.21,6131
2012-06-25,3.647,3.65,3.698,3.437,2.463,81.11,92.46,6211
2012-07-02,3.601,3.599,3.648,3.356,2.433,80.23,91.23,6255
2012-07-09,3.568,3.581,3.629,3.411,2.584,85.74,98.8,6569
2012-07-16,3.539,3.541,3.59,3.427,2.614,85.78,99.88,6424
2012-07-23,3.524,3.522,3.571,3.494,2.703,90.34,105.4,6513
2012-07-30,3.483,3.473,3.521,3.508,2.644,88.88,104.18,6520
2012-08-06,3.464,3.452,3.501,3.645,2.781,89.1,107.27,6849
2012-08-13,3.5,3.483,3.532,3.721,2.907,93.14,112.49,6838
2012-08-20,3.512,3.485,3.534,3.744,2.93,94.43,115.04,6952
2012-08-27,3.511,3.491,3.539,3.776,2.979,96.22,116.1,6670
2012-09-03,3.552,3.529,3.577,3.843,3.139,95.68,113.02,6319
2012-09-10,3.615,3.605,3.652,3.847,3.078,95.68,114.11,6485
2012-09-17,3.72,3.711,3.759,3.878,3.099,97.56,115.41,6608
2012-09-24,3.743,3.733,3.782,3.826,2.98,93.7,111.83,6708
2012-10-01,3.733,3.734,3.783,3.804,2.986,91.35,110.35,6800
2012-10-08,3.713,3.702,3.752,3.85,3.011,90.81,111.41,5961
2012-10-15,3.703,3.68,3.729,3.819,3.035,91.42,114.88,6072
2012-10-22,3.639,3.618,3.668,3.687,2.749,91.59,113.59,6060
2012-10-29,3.559,3.54,3.589,3.568,2.516,86.35,108.27,5758
2012-11-05,3.5,3.472,3.521,3.492,2.453,85.87,108.85,6297
2012-11-12,3.433,3.4,3.449,3.449,2.511,85.98,107.78,6335
2012-11-19,3.405,3.389,3.437,3.429,2.514,85.87,109.12,6228
2012-11-26,3.391,3.373,3.422,3.437,2.589,87.4,110.26,6532
2012-12-03,3.327,3.305,3.354,3.394,2.525,87.27,109.82,7164
2012-12-10,3.258,3.238,3.287,3.349,2.455,87,109.08,6998
2012-12-17,3.173,3.167,3.216,3.254,2.344,85.71,109.1,7111
2012-12-24,3.061,3.063,3.112,3.257,2.489,88.24,109.79,7275
2012-12-31,2.987,2.987,3.036,3.298,2.613,90.14,109.81,7239
2013-01-07,2.911,2.911,2.959,3.299,2.643,92.77,112.35,7243
2013-01-14,2.843,2.838,2.887,3.303,2.646,93.38,112.37,7198
2013-01-21,2.826,2.812,2.861,3.315,2.606,94.58,111.35,6897
2013-01-28,2.951,2.933,2.981,3.357,2.669,95.41,113.72,6705
2013-02-04,3.169,3.185,3.233,3.538,2.804,97.33,115.13,6718
2013-02-11,3.346,3.336,3.384,3.611,2.828,96.18,117.15,6677
2013-02-18,3.512,3.504,3.559,3.747,2.967,96.95,118.1,7133
2013-02-25,3.589,3.563,3.615,3.784,3.04,94.38,115.3,6966
2013-03-04,3.575,3.559,3.612,3.759,2.924,92.19,112.42,6827
2013-03-11,3.557,3.539,3.592,3.71,2.888,91,109.98,6362
2013-03-18,3.559,3.54,3.594,3.696,2.934,92.7,108.41,6450
2013-03-25,3.556,3.538,3.59,3.68,2.852,93.05,107.33,6209
2013-04-01,3.584,3.565,3.619,3.645,2.886,96.08,107.68,6438
2013-04-08,3.593,3.577,3.63,3.608,2.725,95.07,107.06,6878
2013-04-15,3.553,3.543,3.596,3.542,2.678,93.36,103.25,6926
2013-04-22,3.519,3.511,3.564,3.536,2.658,88,98.09,6807
2013-04-29,3.524,3.529,3.58,3.52,2.674,91,100.61,6604
2013-05-06,3.56,3.56,3.612,3.538,2.683,93.4,101.53,6001
2013-05-13,3.654,3.657,3.708,3.603,2.755,95.84,103.77,6070
2013-05-20,3.832,3.826,3.879,3.673,2.758,94.65,102.91,5865
2013-05-27,3.82,3.807,3.858,3.645,2.681,94.76,102.3,5619
2013-06-03,3.776,3.768,3.819,3.646,2.649,93.32,102.03,5550
2013-06-10,3.746,3.752,3.805,3.655,2.706,94.25,102.92,5521
2013-06-17,3.685,3.694,3.748,3.626,2.752,96.36,103.39,5837
2013-06-24,3.639,3.636,3.69,3.577,2.719,96.65,103.93,6301
2013-07-01,3.585,3.584,3.637,3.496,2.573,95.83,101.43,6057
2013-07-08,3.532,3.548,3.6,3.492,2.663,100.65,105.18,6176
2013-07-15,3.534,3.542,3.595,3.639,2.858,104.7,108.26,6257
2013-07-22,3.529,3.528,3.582,3.682,2.953,106.88,109.41,6069
2013-07-29,3.532,3.527,3.581,3.646,2.88,105.88,108.4,6100
2013-08-05,3.518,3.517,3.572,3.632,2.887,105.54,108.61,6406
2013-08-12,3.531,3.531,3.586,3.561,2.777,105.17,108.56,6498
2013-08-19,3.509,3.507,3.562,3.55,2.858,106.97,110.73,6714
2013-08-26,3.503,3.488,3.543,3.552,2.881,105.48,111.12,6767
2013-09-02,3.539,3.537,3.593,3.608,2.916,108.33,115.32,6812
2013-09-09,3.564,3.544,3.601,3.587,2.761,108.77,116.03,6443
2013-09-16,3.543,3.53,3.588,3.547,2.626,108.36,113.22,6545
2013-09-23,3.518,3.508,3.565,3.495,2.564,106.22,109.98,6423
2013-09-30,3.469,3.451,3.509,3.425,2.515,103.1,108.8,6088
2013-10-07,3.414,3.397,3.456,3.367,2.485,103.14,108.63,6297
2013-10-14,3.376,3.359,3.417,3.354,2.534,102.7,110.3,6600
2013-10-21,3.339,3.321,3.38,3.36,2.571,101.51,110.11,6743
2013-10-28,3.283,3.263,3.322,3.294,2.424,97.57,107.82,7097
2013-11-04,3.236,3.212,3.271,3.265,2.407,96.94,107.61,7072
2013-11-11,3.177,3.164,3.224,3.194,2.297,94.31,104.54,7126
2013-11-18,3.153,3.137,3.197,3.219,2.449,93.94,107.1,7279
2013-11-25,3.127,3.113,3.171,3.293,2.583,93.92,109.32,7284
2013-12-02,3.096,3.081,3.142,3.272,2.509,92.97,111.32,7217
2013-12-09,3.05,3.032,3.091,3.269,2.486,96.21,112.28,7853
2013-12-16,3.015,2.999,3.058,3.239,2.429,97.23,109.1,7495
2013-12-23,3.035,3.034,3.093,3.271,2.512,97.85,110.34,6946
2013-12-30,3.126,3.103,3.162,3.331,2.64,99.15,111.72,6875
2014-01-06,3.166,3.136,3.194,3.332,2.559,96.47,108.73,7005
2014-01-13,3.188,3.152,3.21,3.327,2.55,92.42,107.01,7244
2014-01-20,3.189,3.153,3.213,3.296,2.548,92.98,107.83,7539
2014-01-27,3.177,3.148,3.207,3.295,2.568,96.19,109.14,7462
2014-02-03,3.168,3.138,3.196,3.292,2.546,97.29,108.83,7444
2014-02-10,3.192,3.173,3.232,3.309,2.593,97.78,107.73,6803
2014-02-17,3.339,3.333,3.391,3.38,2.716,100.21,109.12,6300
2014-02-24,3.451,3.447,3.505,3.444,2.712,102.93,109.74,6250
2014-03-03,3.531,3.531,3.59,3.479,2.761,102.77,109.17,6276
2014-03-10,3.588,3.59,3.649,3.512,2.731,103.07,109.14,6256
2014-03-17,3.595,3.589,3.648,3.547,2.726,99.55,108.01,6876
2014-03-24,3.591,3.588,3.648,3.549,2.719,99.77,106.53,6629
2014-03-31,3.577,3.576,3.635,3.579,2.687,100.66,106.54,6599
2014-04-07,3.553,3.557,3.616,3.596,2.716,100.46,105.26,6129
2014-04-14,3.532,3.532,3.592,3.651,2.808,102.72,106.51,6373
2014-04-21,3.52,3.51,3.569,3.683,2.84,103.95,109.07,6239
2014-04-28,3.51,3.493,3.554,3.713,2.836,102.11,109.21,6357
2014-05-05,3.488,3.475,3.536,3.684,2.761,100.51,109.15,6027
2014-05-12,3.462,3.447,3.508,3.668,2.698,100.29,108.48,6052
2014-05-19,3.449,3.433,3.496,3.665,2.75,101.92,109.53,6346
2014-05-26,3.444,3.431,3.496,3.674,2.813,103.82,110.72,6251
2014-06-02,3.447,3.437,3.502,3.69,2.81,103.95,109.62,6398
2014-06-09,3.451,3.442,3.507,3.674,2.764,103.23,108.98,6367
2014-06-16,3.483,3.473,3.538,3.686,2.832,105.97,110.98,6340
2014-06-23,3.564,3.552,3.617,3.704,2.917,107.23,114.29,6330
2014-06-30,3.599,3.588,3.653,3.704,2.883,106.69,113.09,6226
2014-07-07,3.599,3.59,3.656,3.678,2.829,105.52,110.26,6192
2014-07-14,3.599,3.586,3.651,3.635,2.745,103.25,107.03,6005
2014-07-21,3.593,3.582,3.648,3.593,2.698,102.37,105.39,6030
2014-07-28,3.589,3.578,3.645,3.539,2.68,104.35,106.34,5917
2014-08-04,3.592,3.586,3.652,3.515,2.63,102.19,105.71,5951
2014-08-11,3.628,3.616,3.681,3.505,2.598,97.5,103.6,6166
2014-08-18,3.648,3.631,3.698,3.472,2.633,97.17,101.94,6242
2014-08-25,3.643,3.63,3.697,3.454,2.666,94.95,99.88,6433
2014-09-01,3.627,3.613,3.681,3.459,2.642,96.25,100.64,6840
2014-09-08,3.614,3.601,3.669,3.457,2.628,94.06,100.45,6958
2014-09-15,3.579,3.574,3.643,3.408,2.555,92.43,97.32,7089
2014-09-22,3.523,3.524,3.594,3.353,2.593,93.52,97.02,7303
2014-09-29,3.462,3.464,3.534,3.354,2.642,93.15,95.01,7306
2014-10-06,3.395,3.4,3.47,3.299,2.565,91.44,93.41,7624
2014-10-13,3.26,3.278,3.35,3.207,2.289,87.63,90.19,7027
2014-10-20,3.148,3.164,3.235,3.12,2.093,82.88,85.5,6749
2014-10-27,3.092,3.09,3.16,3.056,2.056,82.12,85.58,6637
2014-11-03,3.037,3.028,3.097,2.993,2.069,81.29,85.56,6838
2014-11-10,2.999,2.99,3.058,2.941,2.07,78.24,83.04,6947
2014-11-17,2.94,2.944,3.013,2.894,1.994,76.5,79.9,6852
2014-11-24,2.852,2.873,2.941,2.821,1.867,75.38,77.62,7153
2014-12-01,2.777,2.787,2.855,2.778,1.788,72.36,76.63,7509
2014-12-08,2.657,2.688,2.756,2.679,1.64,67.18,69.72,7702
2014-12-15,2.512,2.506,2.575,2.554,1.504,61.14,64.08,7815
2014-12-22,2.32,2.339,2.408,2.403,1.384,55.89,59.77,7908
2014-12-29,2.147,2.192,2.262,2.299,1.238,55.58,58.69,8080
2015-01-05,2.05,2.057,2.127,2.214,1.256,53.44,56.03,8008
2015-01-12,1.927,1.934,2.004,2.139,1.209,48.77,49.47,7862
2015-01-19,1.866,1.86,1.929,2.066,1.226,47.07,46.58,7873
2015-01-26,1.867,1.861,1.93,2.044,1.288,46.46,46.44,7733
2015-02-02,1.871,1.859,1.928,2.068,1.36,45.32,46.76,7712
2015-02-09,2.011,1.998,2.067,2.191,1.52,50.58,54.62,7805
2015-02-16,2.07,2.055,2.121,2.274,1.576,51.14,56.57,8040
2015-02-23,2.154,2.151,2.219,2.332,1.594,51.69,60.57,8028
2015-03-02,2.189,2.176,2.247,2.473,1.718,49.16,60.63,8065
2015-03-09,2.228,2.209,2.279,2.487,1.732,50.38,60.12,7734
2015-03-16,2.216,2.204,2.277,2.453,1.652,47.69,56.51,7310
2015-03-23,2.204,2.187,2.262,2.457,1.656,44.39,52.72,6947
2015-03-30,2.206,2.197,2.272,2.448,1.7,48.68,55.01,6715
2015-04-06,2.209,2.193,2.268,2.413,1.613,48.91,54.79,6506
2015-04-13,2.242,2.226,2.302,2.408,1.634,51.78,56.51,6335
2015-04-20,2.337,2.312,2.389,2.485,1.727,54.78,59.12,6388
2015-04-27,2.386,2.371,2.447,2.57,1.787,56.14,61.41,6615
2015-05-04,2.47,2.453,2.529,2.664,1.861,57.98,63.49,6805
2015-05-11,2.526,2.528,2.604,2.691,1.85,59.73,65.01,6810
2015-05-18,2.564,2.556,2.631,2.744,1.887,60.01,64.9,6850
2015-05-25,2.585,2.57,2.648,2.774,1.914,58.95,64.31,6975
2015-06-01,2.592,2.577,2.656,2.78,1.888,58.19,61.57,7135
2015-06-08,2.606,2.597,2.674,2.78,1.918,59.66,61.9,7225
2015-06-15,2.642,2.617,2.696,2.835,1.985,60.07,63.24,7246
2015-06-22,2.644,2.639,2.721,2.812,1.959,59.89,60.65,7295
2015-06-29,2.64,2.633,2.717,2.801,1.918,60.01,60.84,6766
2015-07-06,2.655,2.654,2.737,2.793,1.971,57.92,60.36,6893
2015-07-13,2.683,2.69,2.774,2.834,1.983,52.38,56.63,6593
2015-07-20,2.747,2.749,2.834,2.802,1.859,51.68,57.17,6468
2015-07-27,2.794,2.781,2.866,2.745,1.807,49.21,55.75,6405
2015-08-03,2.777,2.781,2.868,2.689,1.716,47.91,54.14,6233
2015-08-10,2.758,2.758,2.848,2.629,1.642,44.94,48.59,6383
2015-08-17,2.855,2.86,2.955,2.716,1.719,43.2,47.94,6317
2015-08-24,2.828,2.825,2.921,2.637,1.566,41.34,46,6422
2015-08-31,2.768,2.768,2.864,2.51,1.388,40.73,43.53,6669
2015-09-07,2.688,2.687,2.787,2.437,1.419,46.73,48.87,6799
2015-09-14,2.619,2.612,2.711,2.375,1.338,45.16,47.6,6762
2015-09-21,2.526,2.519,2.617,2.327,1.308,45.48,47.34,6904
2015-09-28,2.435,2.426,2.525,2.322,1.365,45.57,47.33,7084
2015-10-05,2.371,2.37,2.469,2.318,1.374,45,46.99,7152
2015-10-12,2.327,2.311,2.416,2.337,1.426,48.36,51.33,6964
2015-10-19,2.26,2.246,2.352,2.277,1.262,46.82,48.99,7070
2015-10-26,2.189,2.178,2.286,2.228,1.228,45.16,46.81,6793
2015-11-02,2.116,2.093,2.199,2.224,1.28,44.99,47.15,6785
2015-11-09,2.064,2.032,2.136,2.235,1.381,45.98,47.23,6683
2015-11-16,2.002,1.971,2.076,2.178,1.233,42.7,44.75,6589
2015-11-23,1.945,1.917,2.022,2.094,1.151,40.62,41.54,6528
2015-11-30,1.91,1.884,1.996,2.059,1.226,40.49,43.65,6700
2015-12-07,1.877,1.852,1.964,2.053,1.208,40.4,42.41,6968
2015-12-14,1.849,1.827,1.937,2.037,1.187,36.93,38.76,7038
2015-12-21,1.875,1.869,1.978,2.026,1.199,35.78,36.84,7435
2015-12-28,1.856,1.849,1.957,2.034,1.162,36.26,35.9,7350
2016-01-04,1.844,1.843,1.95,2.028,1.152,36.99,36.55,7721
2016-01-11,1.831,1.826,1.936,1.996,1.097,34.65,34.19,7687
2016-01-18,1.782,1.777,1.886,1.914,0.99,30.59,29.1,7966
2016-01-25,1.735,1.738,1.847,1.856,0.962,29.19,27.76,8106
2016-02-01,1.678,1.677,1.785,1.822,1.008,31.81,31.75,8174
2016-02-08,1.63,1.623,1.732,1.759,0.911,31.26,32.18,7309
2016-02-15,1.553,1.536,1.645,1.724,0.883,28.14,30.41,8404
2016-02-22,1.541,1.529,1.638,1.73,0.944,30.02,32.29,8356
2016-02-29,1.648,1.646,1.754,1.783,0.979,31.32,33.12,8503
2016-03-07,1.785,1.781,1.891,1.841,1.016,34.43,36.28,8488
2016-03-14,1.9,1.882,1.992,1.961,1.172,37.69,39.3,8754
2016-03-21,1.934,1.921,2.03,2.007,1.258,38.32,38.5,8833
2016-03-28,1.952,1.93,2.04,2.066,1.327,39.45,39.41,8522
2016-04-04,1.946,1.925,2.035,2.083,1.27,36.82,37,8543
2016-04-11,1.927,1.905,2.014,2.069,1.234,36.72,37.51,8234
2016-04-18,2.05,2.046,2.158,2.137,1.335,41.23,42.35,7911
2016-04-25,2.065,2.056,2.166,2.162,1.344,41.86,43.04,7693
2016-05-02,2.098,2.089,2.198,2.24,1.458,44.3,44.46,7591
2016-05-09,2.129,2.119,2.229,2.22,1.366,44.22,44.2,7274
2016-05-16,2.133,2.119,2.23,2.242,1.374,45.44,45.2,7236
2016-05-23,2.217,2.203,2.313,2.3,1.47,47.99,48.34,7519
2016-05-30,2.237,2.224,2.33,2.339,1.501,48.72,48.73,7406
2016-06-06,2.242,2.222,2.329,2.381,1.523,49,48.91,7575
2016-06-13,2.255,2.227,2.334,2.399,1.527,50.18,49.94,7583
2016-06-20,2.262,2.237,2.346,2.353,1.431,47.89,47.39,7601
2016-06-27,2.246,2.217,2.326,2.329,1.501,48.71,48.12,7398
2016-07-04,2.23,2.2,2.308,2.291,1.453,48.17,47.09,7378
2016-07-11,2.209,2.175,2.283,2.253,1.379,46.17,45.96,7596
2016-07-18,2.186,2.153,2.262,2.23,1.361,45.6,45.54,7614
2016-07-25,2.156,2.132,2.24,2.182,1.342,44.44,45.22,7443
2016-08-01,2.115,2.082,2.193,2.159,1.328,41.83,42.55,7648
2016-08-08,2.076,2.047,2.156,2.15,1.348,40.82,40.88,7481
2016-08-15,2.064,2.039,2.15,2.149,1.356,43.11,43.63,7105
2016-08-22,2.106,2.069,2.18,2.193,1.445,47.16,48.6,6973
2016-08-29,2.186,2.168,2.278,2.237,1.532,47.05,48.65,6578
2016-09-05,2.186,2.157,2.268,2.223,1.426,45.11,47.31,6705
2016-09-12,2.181,2.156,2.267,2.202,1.371,45.96,47.51,6742
2016-09-19,2.158,2.138,2.251,2.225,1.394,44.34,46.21,6874
2016-09-26,2.141,2.127,2.239,2.224,1.373,44.59,46.24,6753
2016-10-03,2.153,2.134,2.248,2.245,1.456,46.55,46.74,6846
2016-10-10,2.16,2.133,2.247,2.272,1.517,49.48,49.52,6774
2016-10-17,2.164,2.141,2.254,2.257,1.501,50.29,49.94,7037
2016-10-24,2.16,2.141,2.254,2.243,1.5,50.56,50.33,7027
2016-10-31,2.155,2.136,2.249,2.23,1.454,49.36,48.95,7035
2016-11-07,2.119,2.107,2.22,2.233,1.393,45.51,44.63,6974
2016-11-14,2.079,2.07,2.182,2.184,1.273,44.61,43.09,7365
2016-11-21,2.032,2.028,2.141,2.155,1.23,45.15,44.01,7722
2016-11-28,1.994,1.99,2.104,2.154,1.354,47.25,46.49,7819
2016-12-05,2.003,1.991,2.105,2.208,1.423,48.63,48.78,7853
2016-12-12,2.037,2.016,2.131,2.236,1.489,50.97,52.26,7870
2016-12-19,2.088,2.06,2.175,2.264,1.521,51.91,53.26,7768
2016-12-26,2.155,2.138,2.251,2.309,1.599,51.95,53.81,7863
2017-01-02,2.229,2.212,2.326,2.377,1.683,53.6,54.96,8067
2017-01-09,2.265,2.255,2.368,2.388,1.658,53.34,55.13,7958
2017-01-16,2.242,2.231,2.345,2.358,1.612,52.07,54.02,8435
2017-01-23,2.216,2.211,2.323,2.326,1.576,51.82,54.19,8247
2017-01-30,2.183,2.178,2.291,2.296,1.546,52.74,54.91,8105
2017-02-06,2.15,2.139,2.254,2.293,1.553,53.33,55.53,8613
2017-02-13,2.144,2.119,2.236,2.307,1.546,52.88,54.48,8534
2017-02-20,2.176,2.161,2.277,2.302,1.513,53.22,54.46,8630
2017-02-27,2.167,2.157,2.275,2.314,1.541,54.03,55.4,8469
2017-03-06,2.178,2.16,2.279,2.341,1.532,53.56,54.4,8134
2017-03-13,2.163,2.155,2.274,2.323,1.5,50.5,52.78,7984
2017-03-20,2.151,2.141,2.262,2.321,1.493,48.03,50.29,7804
2017-03-27,2.169,2.158,2.275,2.315,1.519,47.28,50.1,7799
2017-04-03,2.182,2.163,2.281,2.36,1.595,49.14,51.33,7784
2017-04-10,2.266,2.255,2.367,2.424,1.662,51.26,53.28,7799
2017-04-17,2.321,2.302,2.415,2.436,1.677,53.19,54.83,8092
2017-04-24,2.332,2.317,2.43,2.449,1.615,51.09,52.08,7834
2017-05-01,2.32,2.312,2.425,2.411,1.531,49.12,49.55,7844
2017-05-08,2.307,2.301,2.415,2.372,1.449,47.21,48.7,7482
2017-05-15,2.295,2.291,2.406,2.369,1.483,47.04,48,7727
2017-05-22,2.296,2.291,2.406,2.399,1.548,49.24,51.75,7461
2017-05-29,2.343,2.339,2.452,2.406,1.577,50.21,52.58,7382
2017-06-05,2.334,2.333,2.449,2.414,1.54,48.48,50.23,7560
2017-06-12,2.311,2.315,2.431,2.366,1.465,46.57,47.28,7574
2017-06-19,2.277,2.286,2.401,2.318,1.407,45.3,46.18,7272
2017-06-26,2.224,2.25,2.366,2.288,1.394,43.09,44.63,7087
2017-07-03,2.19,2.203,2.32,2.26,1.426,44.63,46.16,6981
2017-07-10,2.197,2.205,2.322,2.297,1.469,44.96,48.17,6614
2017-07-17,2.19,2.2,2.32,2.278,1.491,45.51,47.1,6671
2017-07-24,2.231,2.24,2.36,2.312,1.53,46.41,47.99,6547
2017-07-31,2.245,2.249,2.368,2.352,1.56,48.27,49.95,6343
2017-08-07,2.302,2.298,2.42,2.378,1.627,49.52,52.04,6463
2017-08-14,2.298,2.29,2.411,2.384,1.601,49.08,51.96,6343
2017-08-21,2.292,2.286,2.408,2.36,1.563,47.52,50.58,6281
2017-08-28,2.303,2.292,2.412,2.399,1.603,47.68,52.03,6356
2017-09-04,2.555,2.553,2.669,2.679,1.871,46.68,52.25,6327
2017-09-11,2.532,2.523,2.643,2.685,1.88,48.58,53.88,6526
2017-09-18,2.495,2.483,2.603,2.634,1.727,49.07,55.54,6328
2017-09-25,2.471,2.457,2.577,2.583,1.678,50.12,57.03,6646
2017-10-02,2.456,2.443,2.564,2.565,1.674,51.77,58.75,6854
2017-10-09,2.433,2.417,2.538,2.504,1.593,50.23,56.08,7075
2017-10-16,2.418,2.407,2.529,2.489,1.612,50.77,56.21,6935
2017-10-23,2.442,2.428,2.549,2.479,1.653,51.74,57.78,7071
2017-10-30,2.445,2.433,2.554,2.488,1.716,52.51,58.58,6948
2017-11-06,2.515,2.491,2.612,2.561,1.77,54.59,61.04,7027
2017-11-13,2.538,2.521,2.642,2.592,1.832,57.05,64.29,6810
2017-11-20,2.525,2.509,2.631,2.568,1.718,55.81,61.52,6692
2017-11-27,2.514,2.494,2.617,2.533,1.722,57.47,62.68,6752
2017-12-04,2.492,2.466,2.588,2.5,1.73,57.81,63.73,7037
2017-12-11,2.463,2.432,2.555,2.485,1.685,56.92,63.08,7169
2017-12-18,2.437,2.41,2.532,2.45,1.653,57.17,64.35,7123
2017-12-25,2.403,2.365,2.49,2.472,1.7,57.87,64.36,7171
2018-01-01,2.396,2.375,2.498,2.52,1.765,59.88,66.52,7253
2018-01-08,2.388,2.357,2.478,2.522,1.768,61.36,67.81,7755
2018-01-15,2.397,2.353,2.474,2.557,1.821,63.26,69.47,7691
2018-01-22,2.408,2.371,2.492,2.567,1.872,63.77,69.39,7635
2018-01-29,2.454,2.407,2.527,2.607,1.928,65.14,70.04,7806
2018-02-05,2.469,2.44,2.56,2.637,1.906,65.32,68,7420
2018-02-12,2.456,2.436,2.557,2.607,1.778,62.01,65.5,7671
2018-02-19,2.426,2.399,2.52,2.557,1.706,60.56,62.72,8124
2018-02-26,2.389,2.363,2.485,2.548,1.761,62.47,65.52,8090
2018-03-05,2.369,2.343,2.464,2.56,1.759,62.07,66.02,8161
2018-03-12,2.366,2.344,2.465,2.559,1.731,61.65,65.12,8005
2018-03-19,2.383,2.364,2.486,2.598,1.771,61.28,64.14,8082
2018-03-26,2.44,2.408,2.531,2.648,1.895,64.11,67.4,8082
2018-04-02,2.486,2.462,2.584,2.7,1.913,64.97,68.65,7947
2018-04-09,2.486,2.463,2.584,2.694,1.866,63.07,67.03,7458
2018-04-16,2.603,2.604,2.727,2.747,1.957,66.02,71.24,7282
2018-04-23,2.61,2.597,2.72,2.798,1.991,67.55,73.39,7364
2018-04-30,2.62,2.596,2.719,2.846,2.029,67.91,74.98,7263
2018-05-07,2.641,2.62,2.742,2.845,2.023,68.38,74.42,6989
2018-05-14,2.718,2.681,2.813,2.873,2.072,70.56,76.68,6612
2018-05-21,2.795,2.767,2.897,2.923,2.135,71.3,78.75,6858
2018-05-28,2.87,2.849,2.98,2.962,2.142,70.98,78.59,6847
2018-06-04,2.862,2.829,2.964,2.94,2.067,66.96,75.35,6798
2018-06-11,2.836,2.799,2.934,2.911,2.017,65.35,73.98,6890
2018-06-18,2.805,2.785,2.92,2.879,1.993,66.21,74.26,7019
2018-06-25,2.773,2.734,2.87,2.833,1.958,66.32,74.12,7105
2018-07-02,2.787,2.743,2.866,2.844,2.03,74.03,75.24,7344
2018-07-09,2.784,2.742,2.877,2.857,2.051,73.73,76.33,7036
2018-07-16,2.773,2.733,2.868,2.865,2.054,71.96,75.29,7086
2018-07-23,2.743,2.703,2.838,2.831,1.98,68.95,71.27,7084
2018-07-30,2.726,2.687,2.821,2.846,2.063,70.01,74,7002
2018-08-06,2.733,2.704,2.839,2.852,2.061,69.46,73.37,6706
2018-08-13,2.734,2.708,2.843,2.843,2.018,67.9,71.42,6525
2018-08-20,2.744,2.713,2.849,2.821,1.989,66.15,69.82,6157
2018-08-27,2.776,2.748,2.884,2.827,2.067,68.1,72.77,5975
2018-09-03,2.819,2.818,2.955,2.824,2.15,69.66,76.08,6536
2018-09-10,2.827,2.83,2.965,2.833,2.038,68.51,76.64,6463
2018-09-17,2.869,2.849,2.985,2.841,2.009,68.96,78.11,6487
2018-09-24,2.874,2.854,2.986,2.844,2.019,70.28,78.97,6707
2018-10-01,2.902,2.891,3.022,2.866,2.113,72.84,81.85,6938
2018-10-08,2.933,2.918,3.049,2.903,2.161,75.13,85.44,6751
2018-10-15,2.915,2.888,3.019,2.879,2.041,72.96,83.05,6657
2018-10-22,2.881,2.852,2.983,2.841,1.941,70.24,80.41,6960
2018-10-29,2.854,2.815,2.947,2.811,1.831,67.43,78.23,6752
2018-11-05,2.818,2.773,2.905,2.753,1.772,65.06,74.09,6903
2018-11-12,2.738,2.689,2.821,2.686,1.655,61.57,70.34,6942
2018-11-19,2.651,2.615,2.748,2.611,1.533,56.92,66.21,6812
2018-11-26,2.613,2.551,2.686,2.539,1.503,54.99,61.22,6815
2018-12-03,2.503,2.437,2.576,2.451,1.424,51.01,58.65,6941
2018-12-10,2.439,2.35,2.489,2.421,1.441,52.63,60.47,6940
2018-12-17,2.359,2.286,2.426,2.369,1.416,51.54,59.51,7073
2018-12-24,2.28,2.213,2.352,2.321,1.311,46.98,54.64,6986
2018-12-31,2.236,2.174,2.315,2.266,1.277,45.22,51.03,7238
2019-01-07,2.169,2.115,2.257,2.237,1.292,47,54.31,7480
2019-01-14,2.069,2.037,2.178,2.247,1.34,50.78,58.64,7198
2019-01-21,2.043,2.02,2.162,2.251,1.382,51.92,59.83,7280
2019-01-28,2.017,2,2.14,2.256,1.383,52.88,61.34,7370
2019-02-04,1.962,1.955,2.096,2.254,1.363,53.63,61.38,7352
2019-02-11,1.955,1.943,2.08,2.276,1.431,53.53,61.71,7503
2019-02-18,2.03,2.028,2.164,2.317,1.498,53.88,63.36,7457
2019-02-25,2.12,2.08,2.216,2.39,1.507,56.74,66.58,7701
2019-03-04,2.174,2.153,2.288,2.422,1.482,56.12,64.56,7351
2019-03-11,2.226,2.192,2.329,2.471,1.707,56.35,64.73,7410
2019-03-18,2.325,2.322,2.458,2.548,1.808,57.81,65.71,7342
2019-03-25,2.42,2.394,2.528,2.623,1.878,59.44,67.34,7238
2019-04-01,2.477,2.441,2.576,2.691,1.918,59.49,67.25,7028
2019-04-08,2.533,2.482,2.617,2.745,1.928,62.36,69.54,6793
2019-04-15,2.628,2.613,2.748,2.828,2.01,64.1,71.33,6647
2019-04-22,2.695,2.651,2.786,2.841,2,63.8,70.87,7000
2019-04-29,2.752,2.707,2.841,2.887,2.071,65.28,72.93,7004
2019-05-06,2.779,2.736,2.872,2.897,1.999,62.9,71.59,6787
2019-05-13,2.812,2.778,2.912,2.866,1.878,61.81,71.25,6322
2019-05-20,2.816,2.775,2.908,2.852,1.894,62.1,73.32,6431
2019-05-27,2.825,2.775,2.911,2.822,1.868,60.72,70.89,6729
2019-06-03,2.828,2.777,2.915,2.807,1.832,56.93,69.29,7245
2019-06-10,2.786,2.734,2.869,2.732,1.678,52.97,63.15,7644
2019-06-17,2.745,2.703,2.84,2.67,1.669,52.52,63.19,7618
2019-06-24,2.693,2.653,2.789,2.654,1.699,54.75,64.04,7578
2019-07-01,2.665,2.604,2.742,2.713,1.843,58.38,66.51,7617
2019-07-08,2.644,2.569,2.707,2.743,1.859,57.32,63.84,7408
2019-07-15,2.642,2.567,2.703,2.779,1.921,59.02,65.98,7422
2019-07-22,2.597,2.531,2.667,2.75,1.823,56.74,63.63,7505
2019-07-29,2.558,2.498,2.635,2.715,1.814,56.05,62.8,7493
2019-08-05,2.523,2.46,2.597,2.688,1.816,56.55,62.59,7528
2019-08-12,2.507,2.432,2.569,2.624,1.643,53.28,57.33,7483
2019-08-19,2.483,2.42,2.559,2.598,1.622,55.31,58.25,7667
2019-08-26,2.47,2.418,2.556,2.574,1.714,55.5,59.57,7478
2019-09-02,2.474,2.431,2.569,2.563,1.754,55.21,59.83,7532
2019-09-09,2.503,2.463,2.6,2.55,1.62,55.73,60.23,7463
2019-09-16,2.562,2.532,2.67,2.552,1.645,56.16,62.74,7578
2019-09-23,2.669,2.612,2.749,2.654,1.751,59.33,65.56,7719
2019-09-30,2.686,2.629,2.768,2.642,1.712,56.9,63.15,7723
2019-10-07,2.685,2.636,2.775,2.645,1.62,53.12,59.22,7714
2019-10-14,2.692,2.64,2.778,2.629,1.643,53.27,59.39,7397
2019-10-21,2.716,2.678,2.818,2.638,1.65,53.49,59.32,7275
2019-10-28,2.732,2.687,2.826,2.596,1.657,55.2,60.75,6922
2019-11-04,2.779,2.746,2.886,2.605,1.666,55.17,60.23,6745
2019-11-11,2.765,2.722,2.864,2.615,1.643,56.69,62.39,6938
2019-11-18,2.786,2.751,2.894,2.592,1.606,56.85,62.56,6937
2019-11-25,2.763,2.715,2.856,2.579,1.626,56.9,63.76,7092
2019-12-02,2.769,2.727,2.87,2.575,1.664,58.07,64.74,7278
2019-12-09,2.776,2.75,2.891,2.561,1.564,57.64,64.71,7495
2019-12-16,2.732,2.694,2.839,2.536,1.598,59.25,66.5,7634
2019-12-23,2.689,2.634,2.778,2.532,1.621,60.75,68.9,7606
2019-12-30,2.658,2.589,2.734,2.571,1.709,61.29,68.73,7911
2020-01-06,2.645,2.586,2.731,2.578,1.704,62.09,68.07,8305
2020-01-13,2.608,2.55,2.693,2.57,1.659,60.84,67.93,8403
2020-01-20,2.572,2.52,2.663,2.537,1.62,58.29,64.11,8752
2020-01-27,2.528,2.492,2.635,2.506,1.538,56.15,62.2,8993
2020-02-03,2.491,2.451,2.597,2.455,1.474,52.7,58.57,9334
2020-02-10,2.474,2.426,2.574,2.419,1.444,50.36,54.59,9458
2020-02-17,2.427,2.379,2.526,2.428,1.489,50.83,55.33,9554
2020-02-24,2.391,2.339,2.486,2.466,1.504,53.14,58.61,9373
2020-03-02,2.327,2.284,2.433,2.423,1.385,48.36,54.09,9253
2020-03-09,2.249,2.228,2.378,2.375,1.451,45.57,50.7,9118
2020-03-16,2.138,2.084,2.234,2.248,0.997,32.39,33.72,8964
2020-03-23,2.03,1.984,2.131,2.12,0.642,24.19,25.65,8905
2020-03-30,1.944,1.873,2.02,2.005,0.418,19.44,23.96,9071
2020-04-06,1.849,1.782,1.926,1.924,0.497,21.69,18.72,9443
2020-04-13,1.786,1.739,1.882,1.853,0.553,24.41,22.53,9171
2020-04-20,1.721,1.674,1.821,1.812,0.594,20.12,20,8994
2020-04-27,1.677,1.638,1.787,1.773,0.494,3.32,14.24,8648
2020-05-04,1.65,1.613,1.76,1.789,0.572,15.71,17.05,8438
2020-05-11,1.644,1.64,1.787,1.851,0.772,23.46,23.57,8015
2020-05-18,1.702,1.707,1.852,1.878,0.803,26.4,28.18,7791
2020-05-25,1.926,1.916,2.057,1.96,0.91,33.1,33.94,7824
2020-06-01,2.072,2.09,2.23,1.974,0.889,34.19,33.7,7696
2020-06-08,2.197,2.216,2.357,2.036,1.022,37.32,38.37,7686
2020-06-15,2.288,2.328,2.468,2.098,1.072,37.87,39.52,7347
2020-06-22,2.357,2.396,2.538,2.129,1.136,38.35,40.95,7313
2020-06-29,2.44,2.48,2.618,2.174,1.135,39.22,41.69,7483
2020-07-06,2.447,2.478,2.62,2.177,1.147,39.85,42.3,7570
2020-07-13,2.453,2.477,2.619,2.195,1.187,40.44,43.06,7625
2020-07-20,2.43,2.446,2.588,2.186,1.143,40.57,43.4,7689
2020-07-27,2.409,2.416,2.558,2.175,1.182,41.34,43.57,7535
2020-08-03,2.395,2.396,2.538,2.176,1.153,40.69,43.22,7233
2020-08-10,2.372,2.358,2.503,2.166,1.145,41.57,44.36,7081
2020-08-17,2.36,2.341,2.486,2.166,1.174,42.08,44.54,6957
2020-08-24,2.352,2.331,2.476,2.182,1.268,42.73,44.79,7152
2020-08-31,2.341,2.315,2.46,2.222,1.378,42.93,45.26,7021
2020-09-07,2.306,2.294,2.441,2.211,1.217,41.84,43.06,7388
2020-09-14,2.284,2.263,2.407,2.183,1.093,37.38,39.45,7269
2020-09-21,2.268,2.232,2.377,2.168,1.179,39.55,40.77,7414
2020-09-28,2.248,2.202,2.343,2.169,1.192,39.78,40.89,7503
2020-10-05,2.215,2.177,2.319,2.172,1.188,38.99,39.99,7477
2020-10-12,2.204,2.171,2.312,2.167,1.221,40.19,41.06,7358
2020-10-19,2.194,2.158,2.3,2.15,1.167,40.33,41.32,7236
2020-10-26,2.172,2.138,2.28,2.143,1.132,40.43,41,7447
2020-11-02,2.137,2.101,2.245,2.112,1.055,37.32,37.91,7564
2020-11-09,2.124,2.09,2.232,2.096,1.053,37.71,38.64,7422
2020-11-16,2.113,2.084,2.228,2.111,1.124,40.66,41.87,7563
2020-11-23,2.084,2.057,2.199,2.102,1.134,41.52,43.01,7733
2020-11-30,2.102,2.085,2.226,2.12,1.223,44.4,46.43,8216
2020-12-07,2.121,2.089,2.23,2.156,1.216,45.37,47.83,8068
2020-12-14,2.125,2.094,2.235,2.158,1.253,46.04,49.32,8038
2020-12-21,2.189,2.159,2.3,2.224,1.328,47.97,51.05,8550
2020-12-28,2.205,2.189,2.331,2.243,1.332,47.73,50.61,8604
2021-01-04,2.205,2.2,2.341,2.249,1.363,47.98,50.82,8632
2021-01-11,2.249,2.251,2.394,2.317,1.434,50.09,53.31,8373
2021-01-18,2.292,2.272,2.414,2.379,1.518,52.75,55.38,8424
2021-01-25,2.302,2.274,2.417,2.392,1.512,52.82,55.23,8512
2021-02-01,2.305,2.282,2.425,2.409,1.538,52.52,55.18,8930
2021-02-08,2.363,2.332,2.477,2.461,1.602,55.39,58.22,9034
2021-02-15,2.443,2.414,2.561,2.501,1.627,58.54,61.13,9229
2021-02-22,2.481,2.462,2.608,2.633,1.726,60.17,63.9,8963
2021-03-01,2.628,2.615,2.761,2.711,1.799,62.3,65.86,9061
2021-03-08,2.725,2.702,2.843,2.771,1.92,62.29,65.94,8944
2021-03-15,2.804,2.804,2.946,2.853,2.021,65.02,68.15,8807
2021-03-22,2.899,2.903,3.048,2.865,1.967,63.22,66.11,8931
2021-03-29,2.884,2.883,3.027,2.852,1.88,59.95,62.51,8647
2021-04-05,2.885,2.881,3.027,2.857,1.937,60.66,63.68,8809
2021-04-12,2.886,2.88,3.027,2.849,1.923,59.35,61.83,8527
2021-04-19,2.92,2.935,3.082,2.855,1.969,61.93,64.69,8320
2021-04-26,2.928,2.934,3.081,2.872,1.947,62.18,65.34,8385
2021-05-03,2.93,2.938,3.085,2.89,1.993,63.47,66.96,8172
2021-05-10,2.988,2.987,3.133,2.961,2.048,65.1,68.99,8220
2021-05-17,3.049,3.041,3.186,3.028,2.053,65.07,68.73,7859
2021-05-24,3.076,3.07,3.216,3.02,2.018,64.11,67.48,7517
2021-05-31,3.086,3.081,3.226,3.027,2.032,66.4,69.02,7275
2021-06-07,3.139,3.148,3.292,3.035,2.092,68.74,70.66,6969
2021-06-14,3.181,3.17,3.314,3.069,2.114,70.11,71.46,6783
2021-06-21,3.28,3.269,3.416,3.06,2.075,71.55,73.11,6562
2021-06-28,3.335,3.342,3.486,3.091,2.161,73.48,75.41,6125
2021-07-05,3.438,3.462,3.602,3.122,2.185,74.07,76.26,6034
2021-07-12,3.447,3.47,3.613,3.133,2.195,73.35,76.13,5816
2021-07-19,3.481,3.496,3.639,3.153,2.214,73.19,75.8,5761
2021-07-26,3.495,3.513,3.659,3.136,2.135,69.68,72.2,5877
2021-08-02,3.517,3.533,3.681,3.159,2.268,72.75,75.75,6071
2021-08-09,3.622,3.623,3.772,3.172,2.216,69.5,72.26,5993
2021-08-16,3.623,3.62,3.771,3.174,2.221,68.33,71.09,6322
2021-08-23,3.606,3.603,3.755,3.145,2.063,65.05,68.08,6352
2021-08-30,3.593,3.6,3.752,3.139,2.294,67.59,71.02,6613
2021-09-06,3.584,3.583,3.733,3.176,2.278,69.15,73.02,6887
2021-09-13,3.571,3.559,3.713,3.165,2.187,68.98,72.01,6816
2021-09-20,3.534,3.515,3.666,3.184,2.217,71.69,74.13,7127
2021-09-27,3.519,3.491,3.646,3.175,2.146,72.18,75.32,7209
2021-10-04,3.514,3.479,3.639,3.19,2.249,75.45,78.44,7807
2021-10-11,3.507,3.474,3.633,3.267,2.347,78.5,82.01,7723
2021-10-18,3.505,3.468,3.622,3.322,2.417,81.18,83.87,7787
2021-10-25,3.505,3.475,3.628,3.383,2.476,83.48,84.98,7709
2021-11-01,3.497,3.469,3.624,3.39,2.497,83.84,84.12,7563
2021-11-08,3.489,3.471,3.624,3.41,2.377,81.79,82.52,7579
2021-11-15,3.479,3.46,3.614,3.399,2.308,81.93,83.39,7558
2021-11-22,3.454,3.427,3.581,3.395,2.257,78.99,81.63,7756
2021-11-29,3.412,3.383,3.539,3.38,2.261,77.79,80.24,7711
2021-12-06,3.369,3.316,3.473,3.341,2.01,66.89,71,7774
2021-12-13,3.313,3.251,3.407,3.315,2.122,71.31,74.79,7673
2021-12-20,3.286,3.23,3.387,3.295,2.104,71.18,73.76,7789
2021-12-27,3.264,3.2,3.356,3.275,2.141,71.63,73.91,7657
2022-01-03,3.252,3.177,3.334,3.281,2.242,76.05,78.16,7975
2022-01-10,3.249,3.177,3.332,3.295,2.28,77.86,80.5,8578
2022-01-17,3.231,3.155,3.311,3.306,2.365,81.52,85.07,8744
2022-01-24,3.232,3.165,3.321,3.323,2.44,85.93,89.16,8760
2022-01-31,3.247,3.174,3.329,3.368,2.495,86.94,90.12,9078
2022-02-07,3.274,3.216,3.371,3.444,2.605,89.6,92.77,8749
2022-02-14,3.283,3.249,3.401,3.487,2.678,90.61,96.43,8614
2022-02-21,3.289,3.261,3.413,3.53,2.672,92.89,97.8,8615
2022-02-28,3.306,3.27,3.423,3.608,2.624,92.18,99.36,8343
2022-03-07,3.747,3.726,3.874,4.102,3.058,106.8,114.43,8300
2022-03-14,3.934,3.927,4.078,4.315,3.284,113.39,122.29,8274
2022-03-21,3.917,3.941,4.086,4.239,3.034,100.43,109.59,8448
2022-03-28,3.928,3.953,4.096,4.231,3.322,113.69,123.6,8073
2022-04-04,3.903,3.915,4.064,4.17,3.139,103.89,111.26,7906
2022-04-11,3.883,3.891,4.038,4.091,3.059,99.21,103.33,7716
2022-04-18,3.896,3.879,4.026,4.066,3.131,101.46,105.42,8031
2022-04-25,3.953,3.93,4.078,4.107,3.208,104.02,105.72,8080
2022-05-02,3.971,3.935,4.082,4.182,3.331,102.85,103.92,8035
2022-05-09,3.981,3.926,4.075,4.328,3.569,106.69,110.36,7728
2022-05-16,4.073,4.032,4.181,4.491,3.771,105,107.43,7465
2022-05-23,4.087,4.034,4.185,4.593,3.772,112.18,112.93,6764
2022-05-30,4.201,4.16,4.31,4.624,3.848,113.38,117.66,6051
2022-06-06,4.594,4.6,4.747,4.876,4.138,116.37,124.11,5833
2022-06-13,4.847,4.84,4.992,5.006,4.253,120.43,127.4,5832
2022-06-20,4.87,4.839,4.991,4.962,3.983,116.46,125.08,5983
2022-06-27,4.868,4.828,4.978,4.872,3.892,107.88,116.83,6306
2022-07-04,4.86,4.829,4.982,4.771,3.899,110.96,120.34,6327
2022-07-11,4.823,4.784,4.937,4.646,3.426,103.32,113.64,6805
2022-07-18,4.737,4.674,4.829,4.49,3.23,99.92,109.8,6970
2022-07-25,4.539,4.461,4.616,4.33,3.097,102.24,113.53,6906
2022-08-01,4.318,4.202,4.354,4.192,3.303,99.6,109.28,6655
2022-08-08,4.08,3.988,4.149,4.038,2.758,94.01,102.54,6493
2022-08-15,3.89,3.834,4,3.938,2.806,94.65,104.64,6171
2022-08-22,3.809,3.734,3.903,3.88,2.761,91.81,96.73,6199
2022-08-29,3.652,3.609,3.771,3.827,2.839,94.47,98.87,6324
2022-09-05,3.584,3.525,3.691,3.746,2.685,90.79,95.31,6249
2022-09-12,3.51,3.469,3.64,3.69,2.486,85.29,90.43,6195
2022-09-19,3.539,3.506,3.675,3.654,2.558,87.24,91.41,6299
2022-09-26,3.64,3.595,3.758,3.711,2.6,83.46,88.54,6127
2022-10-03,3.563,3.521,3.684,3.782,2.677,80.08,87.28,5993
2022-10-10,3.642,3.595,3.762,3.912,2.889,88.22,94.66,6032
2022-10-17,3.592,3.534,3.7,3.871,2.789,88.97,94.62,5747
2022-10-24,3.492,3.42,3.58,3.769,2.697,85.36,91.04,6353
2022-10-31,3.422,3.347,3.512,3.742,2.962,87.87,93.01,6466
2022-11-07,3.408,3.331,3.495,3.796,2.739,89.14,95.86,6859
2022-11-14,3.355,3.279,3.444,3.762,2.595,88.41,96.08,6561
2022-11-21,3.248,3.166,3.333,3.648,2.372,84.02,92.09,7407
2022-11-28,3.147,3.028,3.2,3.534,2.374,78.74,86.4,6883
2022-12-05,3.039,2.924,3.102,3.39,2.175,79.29,85.03,7086
2022-12-12,2.892,2.808,2.989,3.239,2.001,73.06,78.56,7244
2022-12-19,2.757,2.691,2.875,3.12,2.053,75.12,80.8,7296
2022-12-26,2.718,2.622,2.809,3.091,2.191,77.28,80.68,7474
2023-01-02,2.845,2.812,2.975,3.223,2.432,79.23,81.83,7289
2023-01-09,3.067,3.022,3.177,3.259,2.333,74.27,77.2,7312
2023-01-16,3.363,3.354,3.517,3.31,2.436,77.1,80.61,7070
2023-01-23,3.639,3.608,3.773,3.415,2.651,80.34,84.57,7009
2023-01-30,3.793,3.77,3.934,3.489,2.685,80.33,85.9,6984
2023-02-06,3.901,3.863,4.02,3.444,2.503,76.51,81.87,7235
2023-02-13,3.961,3.951,4.105,3.39,2.502,77.51,83.3,7249
2023-02-20,4.104,4.118,4.275,3.379,2.502,78.51,84.17,7417
2023-02-27,4.052,4.048,4.206,3.342,2.275,75.42,81.77,7502
2023-03-06,3.948,3.959,4.12,3.389,2.381,77.54,83.6,7954
2023-03-13,3.844,3.845,4.002,3.456,2.55,77.31,82.86,8145
2023-03-20,3.706,3.692,3.847,3.422,2.473,69.6,74.98,8195
2023-03-27,3.513,3.495,3.655,3.421,2.523,69.33,74.24,8329
2023-04-03,3.384,3.357,3.518,3.497,2.62,73.79,78,8175
2023-04-10,3.34,3.286,3.45,3.596,2.718,80.62,85.99,8010
2023-04-17,3.521,3.505,3.673,3.663,2.774,81.87,87.36,7865
2023-04-24,3.498,3.494,3.657,3.656,2.554,79.22,84.62,7957
2023-05-01,3.401,3.402,3.57,3.6,2.438,76.31,81.4,7530
2023-05-08,3.324,3.294,3.465,3.533,2.322,71.16,74.62,7162
2023-05-15,3.246,3.219,3.389,3.536,2.402,72.03,76.08,6917
2023-05-22,3.246,3.216,3.382,3.534,2.438,71.62,75.75,6592
2023-05-29,3.393,3.367,3.536,3.571,2.602,72.62,76.48,6448
2023-06-05,3.38,3.354,3.523,3.541,2.445,69.85,73.89,6829
2023-06-12,3.425,3.401,3.569,3.595,2.495,71.56,76.06,6329
2023-06-19,3.51,3.495,3.664,3.577,2.454,69.42,74.39,6405
2023-06-26,3.557,3.634,3.799,3.571,2.408,70.41,75.26,6511
2023-07-03,3.789,3.768,3.934,3.527,2.364,69.36,73.55,6177
2023-07-10,3.739,3.715,3.887,3.546,2.435,71.79,76.6,6345
2023-07-17,3.812,3.791,3.959,3.559,2.566,75.2,79.79,6363
2023-07-24,3.747,3.748,3.915,3.596,2.672,75.61,79.48,6429
2023-07-31,3.958,3.953,4.119,3.757,2.921,79.68,83.55,6435
2023-08-07,3.928,3.929,4.096,3.828,2.854,81.4,85.63,6381
2023-08-14,3.912,3.887,4.058,3.85,2.931,83.04,87.83,6513
2023-08-21,3.987,3.966,4.133,3.868,2.904,80.93,85.87,6590
2023-08-28,3.893,3.88,4.046,3.813,2.974,79.97,84.71,6666
2023-09-04,3.825,3.813,3.982,3.807,2.834,82.5,87.57,6930
2023-09-11,3.87,3.839,4.002,3.822,2.803,87.17,91.29,6743
2023-09-18,3.979,3.938,4.108,3.878,2.909,89.14,93.87,6908
2023-09-25,3.86,3.817,3.985,3.837,2.837,90.28,94.86,6469
2023-10-02,3.776,3.717,3.896,3.798,2.75,91.44,95.61,6783
2023-10-09,3.682,3.615,3.8,3.684,2.409,85.5,90.33,7102
2023-10-16,3.524,3.436,3.61,3.576,2.283,85.03,90.48,7136
2023-10-23,3.587,3.502,3.674,3.533,2.354,88.03,92.47,7150
2023-10-30,3.428,3.386,3.558,3.473,2.24,85.2,89.84,7103
2023-11-06,3.258,3.176,3.352,3.396,2.128,81.99,88.21,7409
2023-11-13,3.105,3.014,3.195,3.349,2.088,77.92,83.52,7387
2023-11-20,2.955,2.849,3.034,3.289,2.053,76.98,81.93,7590
2023-11-27,2.891,2.808,2.994,3.238,2.093,77.02,81.62,7540
2023-12-04,2.801,2.72,2.895,3.231,2.106,75.49,80.91,7304
2023-12-11,2.667,2.559,2.741,3.136,1.922,70.71,75.98,7437
2023-12-18,2.576,2.46,2.639,3.053,1.901,70.11,75.58,7647
2023-12-25,2.703,2.609,2.784,3.116,2.132,73.23,80.15,7575
2024-01-01,2.611,2.534,2.714,3.089,2.146,73.52,79.23,7736
2024-01-08,2.578,2.492,2.674,3.073,2.088,72.49,76.88,7942
2024-01-15,2.567,2.491,2.678,3.058,2.07,72.03,78.4,8263
2024-01-22,2.526,2.453,2.636,3.062,2.141,73.36,80.11,8382
2024-01-29,2.748,2.687,2.872,3.095,2.205,76.36,82.31,8096
2024-02-05,2.729,2.709,2.889,3.136,2.225,75.78,82.57,8701
2024-02-12,2.696,2.645,2.825,3.192,2.289,75.05,81.51,8789
2024-02-19,2.878,2.854,3.038,3.269,2.366,78.17,84.44,9064
2024-02-26,2.891,2.826,3.006,3.249,2.335,78.71,85.02,8657
2024-03-04,2.87,2.787,2.963,3.35,2.401,79.58,84.26,8637
2024-03-11,2.949,2.926,3.097,3.376,2.413,79.53,85.63,8338
2024-03-18,3.011,2.984,3.154,3.453,2.595,80.43,84.52,8156
2024-03-25,3.012,2.978,3.149,3.523,2.632,82.79,85.88,8729
2024-04-01,3.025,2.977,3.149,3.517,2.552,82.73,85.8,8557
2024-04-08,2.999,2.939,3.113,3.591,2.6,86.35,90.34,8502
2024-04-15,3.014,2.967,3.145,3.628,2.633,86.5,92.01,8797
2024-04-22,3.121,3.084,3.258,3.668,2.588,84.65,89.59,8802
2024-04-29,3.047,3.015,3.189,3.653,2.573,84.48,88.53,8740
2024-05-06,3.224,3.2,3.372,3.643,2.485,81.74,85.73,8865
2024-05-13,3.131,3.111,3.285,3.608,2.405,80.26,82.95,8369
2024-05-20,3.323,3.302,3.478,3.584,2.399,80.61,81.61,8077
2024-05-27,3.208,3.189,3.366,3.577,2.39,79.43,80.24,8078
2024-06-03,3.284,3.239,3.412,3.516,2.296,79.52,80.92,8011
2024-06-10,3.146,3.112,3.283,3.429,2.217,75.53,76.59,7939
2024-06-17,3.264,3.238,3.415,3.435,2.242,79.24,80.64,8111
2024-06-24,3.154,3.14,3.313,3.438,2.301,82.26,85.04,8056
2024-07-01,3.27,3.259,3.433,3.479,2.348,82.53,86.72,7926
2024-07-08,3.342,3.331,3.512,3.489,2.446,84.61,88.02,7573
2024-07-15,3.279,3.233,3.407,3.496,2.378,83.44,86.8,7292
2024-07-22,3.198,3.131,3.308,3.471,2.35,82.98,86.05,7200
2024-07-29,3.309,3.284,3.454,3.484,2.351,79.26,82.52,6907
2024-08-05,3.322,3.261,3.429,3.448,2.335,77.11,80.26,6762
2024-08-12,3.277,3.237,3.406,3.414,2.355,76.33,78.84,6550
2024-08-19,3.382,3.363,3.535,3.382,2.323,79.49,82.47,6309
2024-08-26,3.273,3.238,3.413,3.313,2.289,74.68,79.57,6677
2024-09-02,3.363,3.327,3.505,3.289,2.225,76.36,80.83,6559
2024-09-09,3.252,3.215,3.387,3.236,1.95,70.02,75.25,6578
2024-09-16,3.364,3.339,3.514,3.18,1.936,68.82,72.1,6537
2024-09-23,3.419,3.391,3.565,3.185,2.015,72.14,74.98,6549
2024-09-30,3.446,3.393,3.568,3.179,2.012,70.22,74.07,6747
2024-10-07,3.267,3.196,3.376,3.136,2.043,71.83,75.88,6532
2024-10-14,3.213,3.121,3.306,3.171,2.141,75.69,79.34,6363
2024-10-21,3.108,2.973,3.156,3.144,2.036,70.81,74.58,6413
2024-10-28,3.11,3.004,3.189,3.097,1.961,71.59,74.69,6556
2024-11-04,2.99,2.891,3.073,3.069,1.91,68.69,72.61,6522
2024-11-11,3.042,2.963,3.146,3.052,1.997,71.89,75.63,6889
2024-11-18,2.891,2.802,2.983,3.046,1.907,68.38,72.89,7024
2024-11-25,2.762,2.658,2.837,3.044,1.976,70.11,74.84,7658
2024-12-02,2.78,2.719,2.9,3.034,1.911,68.94,74.16,8190
2024-12-09,2.732,2.67,2.849,3.008,1.888,68.89,73.97,8174
2024-12-16,2.803,2.788,2.963,3.016,1.933,69.97,74.03,7783
2024-12-23,2.884,2.879,3.056,3.024,1.919,70.39,73.79,7705
2024-12-30,2.846,2.813,2.994,3.006,1.984,70.51,73.13,7851
2025-01-06,2.847,2.821,2.999,3.047,2.037,73.15,75.42,8132
2025-01-13,2.783,2.758,2.933,3.043,2.056,75.14,78.14,8425
2025-01-20,2.843,2.848,3.021,3.109,2.153,79.28,82.79,8521
2025-01-27,2.888,2.888,3.059,3.103,2.068,75.73,79.92,8639
2025-02-03,2.892,2.875,3.046,3.082,2.052,73.31,77.37,8659
2025-02-10,2.961,2.966,3.135,3.128,2.097,72.05,75.4,8837
2025-02-17,2.998,2.989,3.16,3.148,2.103,72.17,76.01,9083
2025-02-24,2.962,2.959,3.129,3.125,2.096,72.1,76.09,9095
2025-03-03,2.882,2.877,3.04,3.078,2.003,69.93,74.25,9208
2025-03-10,2.848,2.824,2.984,3.069,1.967,67.52,71.93,9068
2025-03-17,2.845,2.843,3.012,3.058,1.999,66.95,71.54,8842
2025-03-24,2.905,2.879,3.048,3.115,2.093,67.96,72.21,8623
2025-03-31,2.968,2.97,3.136,3.162,2.118,69.81,74.35,8658
2025-04-07,3.072,3.058,3.222,3.243,2.151,69.09,74.64,8746
2025-04-14,2.917,2.909,3.075,3.168,1.916,61.24,66.1,8409
2025-04-21,3.011,3.019,3.183,3.141,1.957,62.92,67.76,8355
2025-04-28,3.046,3.022,3.187,3.133,2.008,63.62,67.92,7945
2025-05-05,2.987,2.955,3.122,3.147,1.959,60.99,63.5,7931
2025-05-12,3.042,3.041,3.207,3.12,2,60.39,62.29,7502
2025-05-19,3.042,3.048,3.21,3.173,2.068,63.94,65.54,7425
2025-05-26,3.029,3.039,3.207,3.16,2.097,63.26,65.86,7243
2025-06-02,3.073,3.033,3.194,3.127,1.986,61.82,64.74,7321
2025-06-09,2.941,2.916,3.084,3.108,1.999,64.06,67.18,7125
2025-06-16,2.967,2.982,3.152,3.139,2.091,68.63,71.05,7198
2025-06-23,3.041,3.072,3.242,3.213,2.214,74.94,78.25,7353
2025-06-30,3.075,3.081,3.25,3.164,2.027,66.78,69.96,7029
2025-07-07,2.955,2.993,3.165,3.125,2.058,67.43,69.61,6744
2025-07-14,2.931,2.945,3.114,3.13,2.128,69.15,71.77,6619
2025-07-21,2.966,2.962,3.131,3.121,2.1,68.07,70.66,6661
2025-07-28,2.962,2.958,3.124,3.123,2.087,67.11,70.09,6425
2025-08-04,2.943,2.943,3.11,3.14,2.115,69.58,72.41,6493
2025-08-11,2.965,2.988,3.154,3.118,2.045,65.75,68.17,6714
2025-08-18,3.011,3.017,3.187,3.125,2.063,64.34,67.17,6659
2025-08-25,2.983,3.018,3.18,3.147,2.135,64.14,67.82,6669
2025-09-01,3.061,3.104,3.271,3.177,2.119,64.52,67.77,6593
2025-09-08,3.2,3.218,3.383,3.192,2.154,64.09,66.85,6482
2025-09-15,3.078,3.054,3.219,3.168,2.066,63.06,67.23,6668
2025-09-22,3.065,3.043,3.216,3.173,2.104,63.98,68.33,6764
2025-09-29,2.927,2.883,3.059,3.118,2.082,64.83,69.22,7010
2025-10-06,2.835,2.774,2.951,3.124,1.98,62.59,67.15,7288
2025-10-13,2.785,2.726,2.9,3.061,1.984,62.1,66.65,7162
2025-10-20,2.756,2.678,2.849,3.019,1.906,58.8,62.36,7090
2025-10-27,2.797,2.791,2.965,3.035,1.897,60.2,63.22,7113
2025-11-03,2.71,2.69,2.865,3.019,1.894,61.49,65.02,6908
2025-11-10,2.636,2.576,2.754,3.056,1.975,60.87,64.3,7193
2025-11-17,2.667,2.59,2.769,3.062,1.997,60.16,62.87,7360
2025-11-24,2.529,2.45,2.63,3.061,1.956,60.27,63.64,7872
2025-12-01,2.407,2.328,2.506,2.985,1.822,58.69,64.38,8267
2025-12-08,2.319,2.251,2.432,2.94,1.837,59.48,63.98,8466
2025-12-15,2.294,2.282,2.462,2.895,1.778,58.3,62.6,7960
2025-12-22,2.276,2.261,2.439,2.841,1.687,56.3,60.83,8108
2025-12-29,2.204,2.167,2.35,2.811,1.729,58.01,63.21,8023
2026-01-05,2.188,2.147,2.33,2.796,1.809,57.54,62.18,8094
2026-01-12,2.257,2.249,2.427,2.779,1.966,57.56,62.93,8911
2026-01-19,2.379,2.479,2.651,2.806,2.042,60.12,67,8835
2026-01-26,2.471,2.542,2.722,2.853,2.086,60.16,66.99,9026
2026-02-02,2.493,2.454,2.632,2.867,2.132,62.9,70.43,8829
2026-02-09,2.681,2.663,2.838,2.902,2.149,63.09,69.84,9009
2026-02-16,2.702,2.7,2.881,2.924,2.12,63.93,70.7,9298
2026-02-23,2.578,2.556,2.743,2.937,1.767,65.3,71.66,9242
2026-03-02,2.812,2.842,3.018,3.015,1.819,65.87,71.36,9429
2026-03-09,3.442,3.433,3.603,3.502,2.401,78.37,85.28,9177
2026-03-16,3.8,3.848,4.008,3.72,2.702,91.85,96.16,9271
2026-03-23,3.86,3.89,4.056,3.961,3.133,96.07,111.4,9155
2026-03-30,3.764,3.791,3.96,3.99,3.043,94.29,111.24,9051
2026-04-06,3.698,3.68,3.853,4.12,3.278,105.67,123.94,9030
2026-04-13,3.681,3.692,3.861,4.123,3.07,104.54,124.61,8761
2026-04-20,3.809,3.769,3.944,4.044,3.014,93.84,114.43,8996
2026-04-27,3.93,3.916,4.082,4.123,3.316,95.43,109.62,7794
2026-05-04,4.346,4.317,4.487,4.452,3.65,105.57,119.63,7432
2026-05-11,4.258,4.261,4.437,4.5,3.542,102.28,105.88,6956
2026-05-18,4.618,4.636,4.808,4.49,3.637,105.1,110.53,6668
2026-05-25,4.542,4.577,4.754,4.475,3.549,105.32,110.61,6706
2026-06-01,4.198,4.2,4.376,4.305,3.148,93.45,97.05,6702
2026-06-08,3.985,3.944,4.117,4.146,3.067,96.87,98.95,6891
2026-06-15,3.95,3.89,4.065,4.052,3.049,92.16,93.76,6992
2026-06-22,3.666,3.58,3.764,3.914,2.933,81.36,81,7015
2026-06-29,3.563,3.452,3.633,3.831,2.966,73.59,73.63,7178
2026-07-06,3.517,3.462,3.64,3.777,3.038,70.48,69.7,6916
2026-07-13,3.722,3.676,3.851,3.855,3.038,72.26,73.33,6857
2026-07-20,3.901,3.879,4.052,4.001,3.266,80.77,82.93,6807
2026-07-27,3.997,4.033,4.211,4.096,3.49,88.58,96.12,6344
2026-08-03,4.051,4.082,4.262,4.079,3.417,84.51,91.63,6196
2026-08-10,4.046,4.041,4.232,4.006,2.992,78.94,87.86,6196
2026-08-17,4.255,4.274,4.452,4.049,3.193,84.05,92.51,6252
2026-08-24,4.384,4.43,4.603,4.085,3.436,87.35,94.2,6519
2026-08-31,4.132,4.164,4.347,4.071,3.564,84.62,89.73,6360
2026-09-07,4.187,4.152,4.334,4.157,3.494,91.18,99.09,6344
2026-09-14,4.23,4.25,4.432,4.319,3.629,99.08,111.83,6357
2026-09-21,4.257,4.211,4.394,4.478,3.888,103.54,124.15,6435
2026-09-28,4.094,4.033,4.222,4.465,3.888,103.54,124.15,6435